Sunday, August 10, 2014	2014-08-10
Sunday, August 12, 1979	1979-08-12
Fri 22 Mar 2041	2041-03-22
16.10.2002	2002-10-16
Monday the 1st of December, 1969	1969-12-01
Tuesday, November 22, 2011	2011-11-22
Saturday the 14th of July, 1979	1979-07-14
2036/10/21	2036-10-21
November 11, 2006	2006-11-11
Sunday the 21st of February, 2027	2027-02-21
Mon 24 Oct 2033	2033-10-24
Tuesday the 25th of December, 2007	2007-12-25
Mon 14 Jun 2038	2038-06-14
the 30th of March 1961	1961-03-30
2037/04/25	2037-04-25
the 26th of March 1968	1968-03-26
27-Sep-2031	2031-09-27
12.8.2045	2045-08-12
Wed 15 May 1996	1996-05-15
1956/12/04	1956-12-04
Tue 23 May 2017	2017-05-23
Wednesday the 23rd of February, 1994	1994-02-23
Monday the 26th of March, 1956	1956-03-26
1 December 1952	1952-12-01
2035/03/28	2035-03-28
July 26, 2006	2006-07-26
2048/12/25	2048-12-25
Friday the 27th of January, 1989	1989-01-27
JULY 28 1955	1955-07-28
2037/02/13	2037-02-13
06-Jul-1959	1959-07-06
October 6, 1978	1978-10-06
Wed 4 Nov 2020	2020-11-04
Monday, September 1, 1958	1958-09-01
27 October 2001	2001-10-27
10-Oct-2025	2025-10-10
Wednesday, September 7, 2016	2016-09-07
2010/03/30	2010-03-30
the 13th of November 2007	2007-11-13
2.1.1969	1969-01-02
the 27th of July 1968	1968-07-27
31-Dec-2014	2014-12-31
1961/12/04	1961-12-04
the 20th of June 2016	2016-06-20
Fri 17 Nov 2028	2028-11-17
6 March 1990	1990-03-06
Wednesday the 14th of March, 1973	1973-03-14
JANUARY 5 1998	1998-01-05
22 January 1952	1952-01-22
October 1, 1999	1999-10-01
27 May 2039	2039-05-27
2022/04/02	2022-04-02
1962/03/10	1962-03-10
OCTOBER 16 1999	1999-10-16
January 8, 2037	2037-01-08
NOVEMBER 30 2013	2013-11-30
the 18th of October 2008	2008-10-18
the 9th of July 1951	1951-07-09
28.11.1950	1950-11-28
Monday the 23rd of September, 1957	1957-09-23
JANUARY 1 2030	2030-01-01
the 7th of August 2017	2017-08-07
the 10th of February 1968	1968-02-10
SEPTEMBER 17 1966	1966-09-17
the 31st of May 1954	1954-05-31
the 28th of June 1951	1951-06-28
Saturday the 12th of January, 2030	2030-01-12
7 January 1998	1998-01-07
7 November 1987	1987-11-07
the 2nd of February 2017	2017-02-02
04-Aug-2024	2024-08-04
16-Oct-2009	2009-10-16
10.3.2028	2028-03-10
the 10th of November 2033	2033-11-10
Friday the 5th of December, 2031	2031-12-05
APRIL 18 2045	2045-04-18
Mon 26 Dec 1977	1977-12-26
NOVEMBER 2 1964	1964-11-02
07-Jul-1986	1986-07-07
January 1, 2017	2017-01-01
09-Dec-1960	1960-12-09
Monday the 13th of September, 1971	1971-09-13
13-Dec-2011	2011-12-13
2032/11/29	2032-11-29
Mon 18 Jan 1971	1971-01-18
January 3, 2029	2029-01-03
Saturday, March 16, 1996	1996-03-16
Thu 2 Mar 2017	2017-03-02
Sunday, May 6, 1956	1956-05-06
DECEMBER 5 1966	1966-12-05
JULY 22 1977	1977-07-22
13.6.1962	1962-06-13
the 9th of June 2013	2013-06-09
October 31, 1973	1973-10-31
DECEMBER 8 2008	2008-12-08
FEBRUARY 11 2018	2018-02-11
25.11.2033	2033-11-25
20-May-1965	1965-05-20
28 March 2032	2032-03-28
Thu 23 Aug 1973	1973-08-23
23 May 2023	2023-05-23
27 February 1979	1979-02-27
20 October 1988	1988-10-20
22.6.1989	1989-06-22
JULY 10 2024	2024-07-10
9 November 2017	2017-11-09
Saturday the 7th of January, 2012	2012-01-07
Sunday the 20th of January, 2019	2019-01-20
Sun 4 Sep 1966	1966-09-04
16.4.1988	1988-04-16
Thursday the 22nd of December, 1960	1960-12-22
27-Jun-1984	1984-06-27
7 September 2049	2049-09-07
2016/04/25	2016-04-25
SEPTEMBER 26 2008	2008-09-26
Tuesday the 17th of February, 2026	2026-02-17
AUGUST 27 2006	2006-08-27
the 1st of February 1960	1960-02-01
30.9.2046	2046-09-30
28-Dec-2036	2036-12-28
FEBRUARY 4 1959	1959-02-04
September 25, 1958	1958-09-25
Sunday the 8th of July, 2035	2035-07-08
2006/09/09	2006-09-09
Wed 23 Feb 2005	2005-02-23
the 20th of February 1960	1960-02-20
Wed 8 Dec 1965	1965-12-08
NOVEMBER 4 1995	1995-11-04
8.8.1971	1971-08-08
10 January 1983	1983-01-10
Tuesday the 27th of September, 1977	1977-09-27
Monday the 19th of January, 1981	1981-01-19
Friday, October 7, 2033	2033-10-07
1970/08/19	1970-08-19
Tuesday, March 22, 1988	1988-03-22
Wednesday the 17th of November, 1976	1976-11-17
Wednesday, February 18, 2032	2032-02-18
30 April 2005	2005-04-30
JANUARY 25 2023	2023-01-25
May 23, 2008	2008-05-23
JANUARY 30 2012	2012-01-30
Monday, May 3, 1982	1982-05-03
22 April 2035	2035-04-22
Sunday, March 24, 2030	2030-03-24
19.9.2028	2028-09-19
7 April 1972	1972-04-07
the 24th of December 1976	1976-12-24
25-Jun-2043	2043-06-25
the 24th of June 1973	1973-06-24
27.6.2049	2049-06-27
23-Feb-2013	2013-02-23
31 October 2026	2026-10-31
10 November 2018	2018-11-10
the 15th of March 2004	2004-03-15
Saturday the 28th of July, 1973	1973-07-28
31 July 1977	1977-07-31
1959/01/05	1959-01-05
6 August 2014	2014-08-06
Sat 16 Nov 1985	1985-11-16
Wed 30 Oct 1968	1968-10-30
Monday, April 20, 1959	1959-04-20
21-Sep-1994	1994-09-21
FEBRUARY 26 1960	1960-02-26
Sunday, April 3, 1994	1994-04-03
Sunday, November 25, 1979	1979-11-25
2014/11/06	2014-11-06
Tue 31 May 2005	2005-05-31
16-Apr-1955	1955-04-16
Mon 20 Sep 1965	1965-09-20
1980/09/21	1980-09-21
31.10.1969	1969-10-31
Friday the 18th of May, 2007	2007-05-18
February 21, 1953	1953-02-21
15.7.2044	2044-07-15
31 October 1996	1996-10-31
Mon 9 Feb 2032	2032-02-09
FEBRUARY 8 2004	2004-02-08
20.10.2010	2010-10-20
Friday, February 16, 2046	2046-02-16
2031/03/01	2031-03-01
MAY 27 1969	1969-05-27
Fri 24 Nov 2045	2045-11-24
APRIL 16 1988	1988-04-16
09-Sep-1970	1970-09-09
Friday, April 27, 2046	2046-04-27
the 22nd of June 2034	2034-06-22
04-Oct-1971	1971-10-04
February 11, 2008	2008-02-11
DECEMBER 24 1957	1957-12-24
NOVEMBER 5 1970	1970-11-05
August 7, 1974	1974-08-07
5 February 2047	2047-02-05
Wed 11 Nov 1987	1987-11-11
Mon 14 Apr 2008	2008-04-14
6 July 1960	1960-07-06
18-Oct-2048	2048-10-18
Mon 23 Jan 1950	1950-01-23
July 10, 1955	1955-07-10
AUGUST 17 2018	2018-08-17
29 March 2047	2047-03-29
Thu 9 Oct 2031	2031-10-09
Tuesday the 27th of December, 1966	1966-12-27
Mon 30 Jun 1997	1997-06-30
Monday, December 1, 1952	1952-12-01
September 8, 1974	1974-09-08
December 14, 2029	2029-12-14
JULY 10 1999	1999-07-10
Tuesday the 10th of May, 1955	1955-05-10
16-Sep-2003	2003-09-16
OCTOBER 1 2011	2011-10-01
25 December 2038	2038-12-25
26.6.1956	1956-06-26
2039/12/25	2039-12-25
the 26th of June 1982	1982-06-26
29.8.1961	1961-08-29
8.2.2030	2030-02-08
2042/10/04	2042-10-04
9 January 1987	1987-01-09
25 September 1994	1994-09-25
11 May 1954	1954-05-11
SEPTEMBER 20 2021	2021-09-20
June 2, 2040	2040-06-02
the 13th of October 2047	2047-10-13
the 13th of March 1969	1969-03-13
Monday, August 14, 2006	2006-08-14
DECEMBER 13 2046	2046-12-13
2 May 2038	2038-05-02
JULY 26 2014	2014-07-26
September 14, 2016	2016-09-14
Sat 23 Sep 1995	1995-09-23
the 10th of February 2009	2009-02-10
the 16th of January 2046	2046-01-16
Thursday, February 16, 1978	1978-02-16
JUNE 14 1962	1962-06-14
Monday, October 10, 1960	1960-10-10
Tue 24 Feb 2015	2015-02-24
09-Sep-1988	1988-09-09
11 April 1952	1952-04-11
December 26, 2027	2027-12-26
April 3, 1972	1972-04-03
Sunday the 18th of February, 2035	2035-02-18
5.10.1997	1997-10-05
April 3, 2019	2019-04-03
Tue 12 Aug 2036	2036-08-12
November 2, 1978	1978-11-02
Thu 25 Sep 1997	1997-09-25
16 March 2004	2004-03-16
1950/06/19	1950-06-19
Wednesday the 28th of December, 2011	2011-12-28
Saturday the 9th of May, 2048	2048-05-09
JULY 19 2036	2036-07-19
January 14, 1962	1962-01-14
Tue 7 May 2013	2013-05-07
08-Feb-1968	1968-02-08
04-Apr-2001	2001-04-04
Sat 2 Jul 2039	2039-07-02
2016/09/28	2016-09-28
Thursday, July 15, 2010	2010-07-15
28 January 1977	1977-01-28
JANUARY 7 1974	1974-01-07
JULY 23 2023	2023-07-23
10-Apr-2001	2001-04-10
Tuesday, December 21, 1999	1999-12-21
22.4.1952	1952-04-22
Thu 5 Jun 1986	1986-06-05
Monday the 6th of October, 2014	2014-10-06
25 July 1983	1983-07-25
March 14, 1993	1993-03-14
the 22nd of July 1995	1995-07-22
the 19th of July 2025	2025-07-19
Saturday, July 11, 2020	2020-07-11
the 11th of March 1963	1963-03-11
19 June 1965	1965-06-19
2034/01/22	2034-01-22
JUNE 21 2044	2044-06-21
Thursday the 22nd of February, 2001	2001-02-22
June 8, 1981	1981-06-08
December 21, 1960	1960-12-21
Tuesday, July 9, 2047	2047-07-09
23-Feb-1972	1972-02-23
2045/04/07	2045-04-07
the 11th of January 1954	1954-01-11
Sat 1 May 1982	1982-05-01
Thursday, March 22, 2012	2012-03-22
Sunday, September 11, 1966	1966-09-11
28 February 1963	1963-02-28
Sunday, August 15, 1971	1971-08-15
28.12.1971	1971-12-28
Sun 15 Mar 2043	2043-03-15
Friday, November 17, 1967	1967-11-17
Sat 28 Jan 2045	2045-01-28
the 19th of July 2010	2010-07-19
8.11.1966	1966-11-08
22-Sep-1959	1959-09-22
5.10.2006	2006-10-05
27.6.2027	2027-06-27
the 15th of May 1967	1967-05-15
February 14, 2034	2034-02-14
1959/12/10	1959-12-10
10 August 1991	1991-08-10
MAY 26 1982	1982-05-26
3 October 1960	1960-10-03
29 May 2001	2001-05-29
1.6.2043	2043-06-01
Wednesday, September 21, 2044	2044-09-21
December 9, 2018	2018-12-09
FEBRUARY 8 1996	1996-02-08
Fri 16 Apr 2038	2038-04-16
Fri 19 Nov 2004	2004-11-19
Monday, June 30, 1975	1975-06-30
19 December 2023	2023-12-19
AUGUST 19 2007	2007-08-19
Wednesday, September 30, 1998	1998-09-30
18 April 2014	2014-04-18
OCTOBER 31 2008	2008-10-31
OCTOBER 5 2024	2024-10-05
07-Sep-1956	1956-09-07
May 17, 2001	2001-05-17
October 31, 2030	2030-10-31
February 15, 2035	2035-02-15
Tuesday, May 15, 1990	1990-05-15
October 17, 2002	2002-10-17
25 June 1968	1968-06-25
Monday the 22nd of November, 2010	2010-11-22
1985/11/12	1985-11-12
Wednesday, February 26, 2042	2042-02-26
1988/02/27	1988-02-27
JULY 29 1987	1987-07-29
Sun 16 Aug 1959	1959-08-16
Sat 21 Mar 2015	2015-03-21
2034/02/17	2034-02-17
Tue 19 Dec 1978	1978-12-19
Sat 11 Aug 2001	2001-08-11
Tuesday, January 14, 2031	2031-01-14
NOVEMBER 13 1984	1984-11-13
Wed 1 Jun 1966	1966-06-01
Sat 15 Jan 2022	2022-01-15
Tuesday, April 5, 1977	1977-04-05
15.2.1999	1999-02-15
15-Mar-1966	1966-03-15
the 4th of April 1978	1978-04-04
SEPTEMBER 9 1966	1966-09-09
2020/01/27	2020-01-27
23-Mar-1970	1970-03-23
07-May-1962	1962-05-07
June 19, 2016	2016-06-19
07-Nov-1966	1966-11-07
2040/04/17	2040-04-17
08-Mar-1982	1982-03-08
Friday, August 19, 2033	2033-08-19
Tuesday, August 4, 1953	1953-08-04
Thursday the 24th of September, 1981	1981-09-24
May 5, 2026	2026-05-05
Friday the 27th of May, 1994	1994-05-27
OCTOBER 20 2031	2031-10-20
6 July 1967	1967-07-06
Fri 5 Oct 2029	2029-10-05
22 March 2012	2012-03-22
DECEMBER 16 1976	1976-12-16
Fri 5 Nov 2038	2038-11-05
the 16th of April 2034	2034-04-16
the 30th of November 2003	2003-11-30
1969/11/21	1969-11-21
September 10, 1975	1975-09-10
Thu 3 Mar 1983	1983-03-03
7 July 2039	2039-07-07
Wednesday the 14th of February, 1979	1979-02-14
Saturday, March 28, 2009	2009-03-28
13-Jul-1989	1989-07-13
Monday the 21st of January, 1985	1985-01-21
Mon 5 May 2008	2008-05-05
01-Jan-1961	1961-01-01
15 February 2047	2047-02-15
11-Oct-2022	2022-10-11
MAY 6 1986	1986-05-06
2046/08/14	2046-08-14
Wed 18 Jan 1950	1950-01-18
November 19, 2012	2012-11-19
7 December 1979	1979-12-07
Monday, September 20, 1965	1965-09-20
1982/12/15	1982-12-15
3 October 2027	2027-10-03
16 July 1966	1966-07-16
25 March 1965	1965-03-25
19 December 2008	2008-12-19
15-Jun-1989	1989-06-15
Thu 17 Aug 2000	2000-08-17
MAY 21 1990	1990-05-21
Sat 3 Dec 2011	2011-12-03
14 November 2012	2012-11-14
1981/07/18	1981-07-18
Sunday, December 9, 2035	2035-12-09
2003/11/23	2003-11-23
14.10.2036	2036-10-14
Thursday, October 29, 2009	2009-10-29
June 28, 2033	2033-06-28
the 14th of December 2028	2028-12-14
2014/06/24	2014-06-24
the 28th of December 1960	1960-12-28
Wednesday, September 16, 1992	1992-09-16
Friday the 24th of February, 2023	2023-02-24
Sun 20 Apr 1980	1980-04-20
22 December 1973	1973-12-22
02-Nov-2015	2015-11-02
07-May-2017	2017-05-07
21-Sep-2038	2038-09-21
Sat 16 Apr 2039	2039-04-16
Thu 18 Jun 2009	2009-06-18
Fri 3 Feb 1984	1984-02-03
Mon 5 Oct 1964	1964-10-05
12-May-2029	2029-05-12
2015/04/23	2015-04-23
28.1.2048	2048-01-28
Fri 16 Jan 2032	2032-01-16
12.3.2045	2045-03-12
December 14, 2004	2004-12-14
Saturday, September 5, 1992	1992-09-05
Saturday the 7th of February, 1998	1998-02-07
Wed 11 Feb 1976	1976-02-11
Thursday, September 12, 2030	2030-09-12
Wednesday, June 3, 2043	2043-06-03
07-Feb-1994	1994-02-07
26.3.1964	1964-03-26
Monday the 19th of January, 1987	1987-01-19
OCTOBER 20 1995	1995-10-20
DECEMBER 12 2042	2042-12-12
the 22nd of August 2000	2000-08-22
13 August 2035	2035-08-13
09-Feb-2037	2037-02-09
January 31, 2040	2040-01-31
Sun 20 Jul 2008	2008-07-20
Monday, July 3, 2006	2006-07-03
Wed 26 Apr 2023	2023-04-26
Sunday the 9th of December, 1962	1962-12-09
20 February 2044	2044-02-20
Wednesday the 20th of January, 2010	2010-01-20
Tuesday the 4th of December, 1951	1951-12-04
11-Jan-1989	1989-01-11
MARCH 2 1953	1953-03-02
Sun 19 Nov 1989	1989-11-19
JUNE 23 2000	2000-06-23
the 10th of March 1981	1981-03-10
Wednesday, May 27, 1964	1964-05-27
17 July 2040	2040-07-17
2048/01/03	2048-01-03
JANUARY 20 2018	2018-01-20
Tuesday the 24th of May, 2039	2039-05-24
Wed 21 Dec 2022	2022-12-21
8 December 1988	1988-12-08
Wed 20 Sep 1978	1978-09-20
08-Jan-2000	2000-01-08
Sunday, November 7, 2010	2010-11-07
Monday the 11th of April, 2022	2022-04-11
DECEMBER 4 2035	2035-12-04
Saturday the 20th of May, 1967	1967-05-20
OCTOBER 19 2022	2022-10-19
1951/10/06	1951-10-06
28-Apr-2035	2035-04-28
11 May 1988	1988-05-11
17.3.1982	1982-03-17
the 5th of August 2019	2019-08-05
JUNE 12 1988	1988-06-12
Friday, July 26, 2047	2047-07-26
5.5.1958	1958-05-05
12-Oct-2010	2010-10-12
the 23rd of December 2027	2027-12-23
September 24, 1969	1969-09-24
28 February 2006	2006-02-28
Tuesday, March 20, 2029	2029-03-20
2043/10/30	2043-10-30
19.7.2025	2025-07-19
1992/12/15	1992-12-15
16.2.2026	2026-02-16
Sat 20 Aug 1960	1960-08-20
25 December 2022	2022-12-25
OCTOBER 5 2040	2040-10-05
2027/02/10	2027-02-10
Sat 19 Nov 2033	2033-11-19
Wednesday, January 22, 2042	2042-01-22
09-Nov-2029	2029-11-09
Friday the 23rd of July, 1976	1976-07-23
JULY 10 1961	1961-07-10
Saturday the 14th of October, 1967	1967-10-14
20.4.1999	1999-04-20
FEBRUARY 4 2019	2019-02-04
Fri 14 Oct 1966	1966-10-14
16-Apr-1986	1986-04-16
8 February 2021	2021-02-08
Sunday the 1st of February, 1981	1981-02-01
1960/03/08	1960-03-08
Monday the 9th of May, 1988	1988-05-09
3.8.2022	2022-08-03
1979/01/24	1979-01-24
Thursday the 2nd of August, 2035	2035-08-02
Thu 7 Jul 1955	1955-07-07
20-Feb-1964	1964-02-20
Fri 29 Jul 2005	2005-07-29
May 26, 2009	2009-05-26
DECEMBER 10 2041	2041-12-10
1950/01/17	1950-01-17
the 18th of April 1958	1958-04-18
21-Jul-2009	2009-07-21
18 February 1962	1962-02-18
Tue 3 May 2044	2044-05-03
the 13th of March 1983	1983-03-13
the 18th of June 2029	2029-06-18
18 January 2003	2003-01-18
October 19, 1962	1962-10-19
November 11, 1970	1970-11-11
4 August 1951	1951-08-04
July 27, 1987	1987-07-27
MARCH 8 2000	2000-03-08
Sun 16 Jan 2000	2000-01-16
2027/02/16	2027-02-16
JUNE 11 1966	1966-06-11
Tuesday, September 1, 2015	2015-09-01
08-Oct-1951	1951-10-08
18 November 1982	1982-11-18
APRIL 29 1960	1960-04-29
2042/05/03	2042-05-03
June 10, 1970	1970-06-10
the 3rd of February 2025	2025-02-03
1993/02/20	1993-02-20
the 13th of January 2029	2029-01-13
Sunday the 16th of July, 1989	1989-07-16
07-Jan-2012	2012-01-07
Saturday, February 20, 2044	2044-02-20
AUGUST 7 1966	1966-08-07
27-Jun-2015	2015-06-27
2043/02/28	2043-02-28
Tue 19 Nov 2041	2041-11-19
12-Apr-1989	1989-04-12
Wednesday, June 8, 2016	2016-06-08
the 6th of November 2049	2049-11-06
25-Jan-1968	1968-01-25
Mon 1 Mar 2049	2049-03-01
30 March 1997	1997-03-30
04-Feb-1988	1988-02-04
8 July 1977	1977-07-08
2049/01/29	2049-01-29
Saturday, December 31, 2016	2016-12-31
MAY 17 2020	2020-05-17
Wednesday, September 4, 2019	2019-09-04
the 6th of August 1958	1958-08-06
Tue 8 Jul 1958	1958-07-08
4.10.2006	2006-10-04
Fri 17 Jan 2025	2025-01-17
5.1.1997	1997-01-05
20-Feb-2005	2005-02-20
the 21st of May 1995	1995-05-21
January 30, 2045	2045-01-30
28 November 2021	2021-11-28
MAY 15 2043	2043-05-15
Tuesday the 17th of September, 1974	1974-09-17
05-Aug-1987	1987-08-05
February 11, 2007	2007-02-11
FEBRUARY 26 2026	2026-02-26
Thu 8 May 2042	2042-05-08
2043/12/16	2043-12-16
the 20th of August 2021	2021-08-20
APRIL 8 1995	1995-04-08
Monday the 19th of March, 1962	1962-03-19
2.4.1950	1950-04-02
14 November 1983	1983-11-14
the 26th of August 1975	1975-08-26
1967/11/28	1967-11-28
OCTOBER 10 1997	1997-10-10
December 23, 1975	1975-12-23
19 March 2040	2040-03-19
11-Mar-1983	1983-03-11
Tuesday the 3rd of November, 1959	1959-11-03
Sunday, July 25, 2032	2032-07-25
1963/08/19	1963-08-19
FEBRUARY 4 2017	2017-02-04
28 October 1991	1991-10-28
March 31, 2005	2005-03-31
1959/08/01	1959-08-01
May 22, 2027	2027-05-22
1989/09/19	1989-09-19
Wed 26 Jan 2000	2000-01-26
Wednesday the 27th of May, 2037	2037-05-27
2028/03/02	2028-03-02
Friday, July 1, 1988	1988-07-01
2048/01/15	2048-01-15
24.3.2000	2000-03-24
29.4.2036	2036-04-29
August 8, 2029	2029-08-08
SEPTEMBER 4 2031	2031-09-04
Friday the 4th of July, 2003	2003-07-04
October 28, 1950	1950-10-28
1996/09/01	1996-09-01
APRIL 26 1988	1988-04-26
Friday, January 22, 1999	1999-01-22
the 9th of October 1975	1975-10-09
Wednesday, October 1, 1958	1958-10-01
8.2.2027	2027-02-08
2037/01/08	2037-01-08
4.6.2023	2023-06-04
1954/08/31	1954-08-31
Thu 14 Jun 2046	2046-06-14
June 1, 2015	2015-06-01
Monday the 28th of July, 1952	1952-07-28
July 12, 2000	2000-07-12
29.8.1992	1992-08-29
28.7.2012	2012-07-28
2012/06/19	2012-06-19
MARCH 15 2023	2023-03-15
Tue 3 Dec 1968	1968-12-03
JANUARY 30 1992	1992-01-30
4.8.2018	2018-08-04
2047/02/11	2047-02-11
1994/04/19	1994-04-19
the 4th of September 2040	2040-09-04
Tuesday the 22nd of March, 1988	1988-03-22
APRIL 2 1970	1970-04-02
25.10.2028	2028-10-25
Saturday the 4th of July, 2048	2048-07-04
20 January 1970	1970-01-20
the 13th of March 1981	1981-03-13
Thu 21 May 1981	1981-05-21
19-Jul-2019	2019-07-19
Tuesday the 1st of January, 2041	2041-01-01
Wed 12 Sep 2018	2018-09-12
May 11, 2010	2010-05-11
Tuesday the 14th of December, 2038	2038-12-14
Tuesday the 19th of August, 1986	1986-08-19
2.4.2044	2044-04-02
04-Jun-2046	2046-06-04
JULY 23 1971	1971-07-23
05-Oct-2039	2039-10-05
1979/08/04	1979-08-04
Monday the 13th of May, 2047	2047-05-13
the 28th of December 2044	2044-12-28
10-Feb-2033	2033-02-10
the 18th of November 1975	1975-11-18
31 July 1996	1996-07-31
OCTOBER 14 1975	1975-10-14
1972/03/25	1972-03-25
7.10.1987	1987-10-07
9 April 1993	1993-04-09
Sun 11 Aug 2041	2041-08-11
23-Jun-2006	2006-06-23
SEPTEMBER 3 2040	2040-09-03
Thursday, March 25, 1965	1965-03-25
September 8, 1953	1953-09-08
Thursday, October 28, 1999	1999-10-28
1954/01/08	1954-01-08
1992/12/22	1992-12-22
25.1.1958	1958-01-25
9 May 2028	2028-05-09
19.3.1999	1999-03-19
22.3.1963	1963-03-22
3.5.2014	2014-05-03
November 14, 1972	1972-11-14
13 September 2022	2022-09-13
June 25, 2046	2046-06-25
1952/10/04	1952-10-04
OCTOBER 19 2046	2046-10-19
May 30, 1951	1951-05-30
24.12.2003	2003-12-24
the 17th of January 2014	2014-01-17
April 3, 1974	1974-04-03
Tue 13 Apr 2049	2049-04-13
Sun 3 May 2015	2015-05-03
17-Aug-2014	2014-08-17
23.6.1991	1991-06-23
2019/07/03	2019-07-03
March 16, 2009	2009-03-16
MARCH 23 2030	2030-03-23
13 August 1991	1991-08-13
MARCH 4 1992	1992-03-04
Friday, June 5, 2026	2026-06-05
Thu 4 Aug 1994	1994-08-04
Thursday, December 18, 1975	1975-12-18
JANUARY 16 1964	1964-01-16
October 29, 2000	2000-10-29
JULY 29 1990	1990-07-29
Sun 16 Oct 2016	2016-10-16
31 October 2036	2036-10-31
Sun 21 Nov 1954	1954-11-21
Thursday, January 20, 2028	2028-01-20
NOVEMBER 18 2009	2009-11-18
Mon 7 Apr 2014	2014-04-07
Saturday, May 6, 1995	1995-05-06
18.6.1950	1950-06-18
06-May-1978	1978-05-06
23-Nov-2022	2022-11-23
the 8th of February 2010	2010-02-08
Monday, November 7, 1977	1977-11-07
10.7.2043	2043-07-10
12 October 1974	1974-10-12
23 November 1987	1987-11-23
Mon 5 Feb 2046	2046-02-05
SEPTEMBER 27 2021	2021-09-27
December 5, 1998	1998-12-05
Tuesday the 19th of June, 2035	2035-06-19
Wednesday the 13th of March, 1996	1996-03-13
NOVEMBER 12 2035	2035-11-12
Thu 14 Sep 2045	2045-09-14
25-Jan-2014	2014-01-25
12 August 1976	1976-08-12
18.6.2004	2004-06-18
05-May-1997	1997-05-05
26.11.2017	2017-11-26
July 27, 2033	2033-07-27
Thursday the 8th of October, 2043	2043-10-08
the 16th of December 2039	2039-12-16
11-Feb-1963	1963-02-11
17.1.2034	2034-01-17
27-Jul-2035	2035-07-27
MAY 17 2007	2007-05-17
Tuesday the 29th of May, 1956	1956-05-29
the 12th of December 2037	2037-12-12
5 November 2008	2008-11-05
Thursday the 3rd of June, 1965	1965-06-03
the 17th of December 1955	1955-12-17
Sat 3 Feb 1979	1979-02-03
9.7.1951	1951-07-09
the 21st of July 1983	1983-07-21
June 17, 2048	2048-06-17
2024/10/31	2024-10-31
21.5.1980	1980-05-21
26.9.1977	1977-09-26
JULY 5 1970	1970-07-05
29-Oct-1964	1964-10-29
Saturday the 15th of December, 2029	2029-12-15
29.3.2020	2020-03-29
Wed 22 Feb 1956	1956-02-22
Friday the 14th of June, 2002	2002-06-14
the 9th of June 1998	1998-06-09
22.8.1990	1990-08-22
Saturday the 28th of January, 2012	2012-01-28
Wednesday, December 26, 2012	2012-12-26
2029/11/04	2029-11-04
13-Nov-1956	1956-11-13
20 February 2000	2000-02-20
Mon 3 May 2049	2049-05-03
10-May-1953	1953-05-10
13.6.1978	1978-06-13
24.6.1991	1991-06-24
APRIL 19 1980	1980-04-19
1970/12/07	1970-12-07
Tuesday, May 4, 2038	2038-05-04
the 18th of July 1962	1962-07-18
the 12th of May 1980	1980-05-12
the 1st of July 1985	1985-07-01
Sunday the 31st of March, 1991	1991-03-31
7 January 1982	1982-01-07
the 16th of November 2027	2027-11-16
Thursday the 1st of August, 2019	2019-08-01
OCTOBER 26 2043	2043-10-26
SEPTEMBER 1 1952	1952-09-01
Thursday, September 19, 1974	1974-09-19
4.6.2046	2046-06-04
12.5.1998	1998-05-12
2035/08/19	2035-08-19
JULY 30 1994	1994-07-30
29 July 2034	2034-07-29
Wednesday, March 1, 2000	2000-03-01
Thursday, March 30, 1950	1950-03-30
Sunday the 16th of May, 1971	1971-05-16
2029/09/13	2029-09-13
01-May-1972	1972-05-01
DECEMBER 11 1986	1986-12-11
3.1.2004	2004-01-03
07-Jul-1994	1994-07-07
the 27th of December 2046	2046-12-27
December 30, 2045	2045-12-30
Thursday the 16th of October, 1980	1980-10-16
October 31, 1975	1975-10-31
Friday the 21st of November, 1975	1975-11-21
20 July 2049	2049-07-20
July 21, 1973	1973-07-21
12.6.2024	2024-06-12
the 10th of May 2045	2045-05-10
8 February 2037	2037-02-08
Monday, September 6, 2032	2032-09-06
February 2, 2046	2046-02-02
the 14th of January 2009	2009-01-14
Fri 25 Oct 1991	1991-10-25
Friday the 12th of March, 1993	1993-03-12
25 May 1990	1990-05-25
the 4th of July 1987	1987-07-04
Thursday the 25th of January, 1973	1973-01-25
Wed 13 Jul 2011	2011-07-13
JULY 29 1977	1977-07-29
16-Apr-2048	2048-04-16
2.6.2022	2022-06-02
1959/09/28	1959-09-28
Thu 2 Feb 2034	2034-02-02
January 3, 1986	1986-01-03
Tuesday the 20th of June, 1989	1989-06-20
Wed 16 Dec 2037	2037-12-16
Sat 20 Sep 1975	1975-09-20
2042/09/03	2042-09-03
6.6.2036	2036-06-06
1959/10/29	1959-10-29
30-May-1994	1994-05-30
Thursday the 22nd of August, 2019	2019-08-22
01-Jun-1971	1971-06-01
OCTOBER 19 1965	1965-10-19
May 26, 1975	1975-05-26
the 11th of December 1973	1973-12-11
Sat 2 Jan 1954	1954-01-02
the 7th of June 1950	1950-06-07
20-Jan-2032	2032-01-20
November 2, 1994	1994-11-02
DECEMBER 5 1997	1997-12-05
September 28, 2048	2048-09-28
the 30th of January 2038	2038-01-30
Sat 11 Jan 2020	2020-01-11
2048/07/25	2048-07-25
20.5.2023	2023-05-20
Tuesday, February 26, 2019	2019-02-26
the 19th of July 2040	2040-07-19
Monday the 16th of November, 1953	1953-11-16
November 18, 1984	1984-11-18
December 20, 1970	1970-12-20
11.8.1970	1970-08-11
30 July 2031	2031-07-30
April 20, 2028	2028-04-20
2.3.1960	1960-03-02
2000/10/12	2000-10-12
12-Oct-2029	2029-10-12
the 15th of August 2009	2009-08-15
Wednesday the 16th of October, 1957	1957-10-16
11 February 2022	2022-02-11
the 1st of August 1955	1955-08-01
14.12.2043	2043-12-14
JUNE 23 1983	1983-06-23
07-Nov-2000	2000-11-07
14 September 2039	2039-09-14
Sun 10 Jun 2029	2029-06-10
20 October 1973	1973-10-20
23 October 2018	2018-10-23
Sunday the 1st of April, 2035	2035-04-01
5 August 1990	1990-08-05
2049/05/12	2049-05-12
Sat 1 Oct 2044	2044-10-01
Monday the 10th of March, 2031	2031-03-10
Sunday, March 4, 1956	1956-03-04
Friday, January 24, 1992	1992-01-24
July 19, 2019	2019-07-19
1986/02/06	1986-02-06
2013/04/17	2013-04-17
2009/02/11	2009-02-11
JUNE 23 2023	2023-06-23
MAY 12 1971	1971-05-12
Wednesday the 6th of April, 2033	2033-04-06
the 19th of September 2049	2049-09-19
Friday the 5th of February, 2016	2016-02-05
OCTOBER 14 2020	2020-10-14
10 February 2011	2011-02-10
Wed 30 Jul 1997	1997-07-30
23.7.1987	1987-07-23
the 27th of March 2027	2027-03-27
06-Apr-2042	2042-04-06
Sunday, April 4, 1976	1976-04-04
FEBRUARY 9 2022	2022-02-09
08-Feb-2001	2001-02-08
26-Nov-2042	2042-11-26
Sat 15 Nov 1997	1997-11-15
Fri 9 Feb 1996	1996-02-09
24 October 1965	1965-10-24
2018/02/13	2018-02-13
18-Dec-2021	2021-12-18
1978/02/25	1978-02-25
Monday the 3rd of September, 1951	1951-09-03
8 July 2017	2017-07-08
9 August 2039	2039-08-09
December 4, 2015	2015-12-04
the 27th of April 2005	2005-04-27
29 April 2009	2009-04-29
July 25, 2017	2017-07-25
2032/01/06	2032-01-06
Mon 28 Oct 2024	2024-10-28
Thursday the 1st of August, 2047	2047-08-01
1963/06/19	1963-06-19
Thu 14 Nov 1996	1996-11-14
SEPTEMBER 22 1969	1969-09-22
04-Dec-2023	2023-12-04
6 November 1959	1959-11-06
Sunday, January 16, 2000	2000-01-16
Wednesday the 4th of March, 1998	1998-03-04
May 15, 2003	2003-05-15
Saturday the 4th of February, 2045	2045-02-04
Saturday, August 16, 1986	1986-08-16
Tuesday, September 15, 1959	1959-09-15
February 10, 2013	2013-02-10
3 September 1950	1950-09-03
NOVEMBER 11 1993	1993-11-11
22.1.1961	1961-01-22
1 September 1996	1996-09-01
14.2.1987	1987-02-14
29-Jul-2006	2006-07-29
25-Nov-1988	1988-11-25
22 October 1998	1998-10-22
Mon 25 Jan 1999	1999-01-25
Fri 19 Feb 1982	1982-02-19
Tuesday the 9th of July, 2002	2002-07-09
July 28, 1950	1950-07-28
13-May-2045	2045-05-13
Wed 25 Oct 2006	2006-10-25
Mon 4 Apr 2005	2005-04-04
Saturday the 19th of January, 1991	1991-01-19
Sat 27 May 2000	2000-05-27
Saturday, April 24, 1993	1993-04-24
28 April 2015	2015-04-28
the 15th of June 1965	1965-06-15
31 October 2012	2012-10-31
27.10.1951	1951-10-27
02-Oct-2045	2045-10-02
SEPTEMBER 6 1970	1970-09-06
Sun 2 Mar 2042	2042-03-02
NOVEMBER 24 2007	2007-11-24
Sun 10 Apr 1994	1994-04-10
1953/10/19	1953-10-19
AUGUST 21 2023	2023-08-21
1961/11/10	1961-11-10
Tuesday the 24th of October, 1995	1995-10-24
the 13th of May 1957	1957-05-13
02-Jan-2028	2028-01-02
FEBRUARY 27 1973	1973-02-27
Wednesday the 11th of July, 1951	1951-07-11
1 July 1966	1966-07-01
25 November 2041	2041-11-25
the 31st of July 2025	2025-07-31
OCTOBER 25 1969	1969-10-25
2 March 2003	2003-03-02
29-Nov-1959	1959-11-29
JANUARY 16 1956	1956-01-16
Wednesday, July 18, 2012	2012-07-18
June 28, 2000	2000-06-28
Fri 18 Apr 2014	2014-04-18
the 15th of June 2029	2029-06-15
Thu 11 Jul 1974	1974-07-11
7 September 2006	2006-09-07
29-Oct-1999	1999-10-29
1977/02/09	1977-02-09
Thu 9 Jun 2022	2022-06-09
19-Sep-2027	2027-09-19
Sun 8 Jan 1984	1984-01-08
SEPTEMBER 16 1981	1981-09-16
2015/07/17	2015-07-17
13.12.1992	1992-12-13
March 28, 1993	1993-03-28
Tuesday the 14th of January, 2003	2003-01-14
December 15, 1993	1993-12-15
June 6, 1976	1976-06-06
Thursday, May 13, 2004	2004-05-13
30 September 2035	2035-09-30
Saturday, November 14, 1959	1959-11-14
Tuesday, January 13, 1953	1953-01-13
Saturday, January 1, 1977	1977-01-01
Tuesday the 14th of October, 2042	2042-10-14
Monday, June 15, 1970	1970-06-15
3 June 2043	2043-06-03
AUGUST 30 1953	1953-08-30
12 March 2029	2029-03-12
1997/09/13	1997-09-13
16.12.2026	2026-12-16
23.2.1965	1965-02-23
January 18, 2023	2023-01-18
MAY 5 1966	1966-05-05
4 July 1989	1989-07-04
Friday, March 4, 1983	1983-03-04
Sat 21 Nov 1970	1970-11-21
17-Mar-1983	1983-03-17
Tuesday the 5th of October, 2010	2010-10-05
12.9.1953	1953-09-12
Thursday, November 1, 2018	2018-11-01
Sunday, February 14, 2044	2044-02-14
the 19th of October 2027	2027-10-19
26 March 2040	2040-03-26
1.4.1965	1965-04-01
2025/05/17	2025-05-17
January 9, 1990	1990-01-09
1976/09/02	1976-09-02
December 14, 1960	1960-12-14
Thursday the 10th of June, 2032	2032-06-10
22 September 2048	2048-09-22
1974/08/08	1974-08-08
21-Aug-2013	2013-08-21
October 10, 2032	2032-10-10
Thursday the 2nd of November, 2028	2028-11-02
2024/07/25	2024-07-25
February 17, 1984	1984-02-17
JANUARY 28 1979	1979-01-28
Friday the 11th of May, 1990	1990-05-11
Thursday, June 3, 2027	2027-06-03
the 6th of December 2008	2008-12-06
Friday, December 4, 1964	1964-12-04
03-May-1976	1976-05-03
2041/05/04	2041-05-04
26.11.2014	2014-11-26
MAY 25 1964	1964-05-25
June 19, 2031	2031-06-19
Tuesday the 12th of February, 2008	2008-02-12
Wednesday, March 13, 2024	2024-03-13
9 July 1985	1985-07-09
22.1.1954	1954-01-22
JULY 7 2011	2011-07-07
16 January 2038	2038-01-16
Sat 5 Jun 1965	1965-06-05
Monday, July 10, 1961	1961-07-10
Sunday, April 27, 2008	2008-04-27
September 7, 2038	2038-09-07
Wed 27 Aug 2036	2036-08-27
Mon 18 Jul 2044	2044-07-18
26 June 2022	2022-06-26
4.5.1997	1997-05-04
Monday, July 5, 1971	1971-07-05
Sat 24 Mar 1990	1990-03-24
October 7, 1989	1989-10-07
Thursday, November 26, 1953	1953-11-26
FEBRUARY 26 1984	1984-02-26
16 May 2036	2036-05-16
March 12, 1958	1958-03-12
2025/08/10	2025-08-10
1996/05/12	1996-05-12
Sunday the 28th of July, 2019	2019-07-28
MARCH 27 1950	1950-03-27
September 23, 2042	2042-09-23
Sat 29 Aug 1970	1970-08-29
Fri 20 Aug 1965	1965-08-20
11 March 2043	2043-03-11
28-Jan-2027	2027-01-28
February 22, 1965	1965-02-22
Friday the 11th of March, 2016	2016-03-11
Mon 5 Feb 1996	1996-02-05
Wed 25 Jun 2036	2036-06-25
Sunday, October 28, 2012	2012-10-28
16-May-1996	1996-05-16
Saturday the 19th of May, 1973	1973-05-19
March 21, 1958	1958-03-21
FEBRUARY 13 1970	1970-02-13
24-Dec-2041	2041-12-24
Monday, December 25, 2006	2006-12-25
16 August 2025	2025-08-16
20 February 2033	2033-02-20
AUGUST 29 2002	2002-08-29
the 2nd of March 1995	1995-03-02
Sunday, December 18, 1977	1977-12-18
February 4, 1990	1990-02-04
Tuesday the 28th of June, 1966	1966-06-28
Thursday the 25th of June, 2043	2043-06-25
the 20th of June 1950	1950-06-20
November 10, 1963	1963-11-10
February 21, 2031	2031-02-21
the 17th of January 2003	2003-01-17
Thursday the 16th of July, 2020	2020-07-16
14 September 1965	1965-09-14
Sunday, February 22, 2009	2009-02-22
4.4.2033	2033-04-04
the 23rd of September 2049	2049-09-23
the 24th of January 1965	1965-01-24
Monday the 13th of July, 2048	2048-07-13
the 9th of May 2046	2046-05-09
Wednesday, December 12, 2046	2046-12-12
29-Nov-2040	2040-11-29
13 January 2043	2043-01-13
2023/02/22	2023-02-22
the 6th of October 1997	1997-10-06
1986/10/20	1986-10-20
Thursday the 26th of November, 2026	2026-11-26
28-Jul-2006	2006-07-28
FEBRUARY 29 1972	1972-02-29
Mon 21 Dec 1959	1959-12-21
Friday, July 3, 1970	1970-07-03
December 31, 2048	2048-12-31
2044/07/28	2044-07-28
Friday the 12th of November, 2032	2032-11-12
Saturday, February 8, 2025	2025-02-08
Friday, August 18, 1989	1989-08-18
1973/06/19	1973-06-19
11.2.1979	1979-02-11
September 29, 2045	2045-09-29
August 25, 2028	2028-08-25
04-Sep-1991	1991-09-04
Tuesday, January 20, 1970	1970-01-20
05-Oct-2035	2035-10-05
12-Mar-2032	2032-03-12
the 22nd of February 2034	2034-02-22
24-Apr-2021	2021-04-24
2023/04/08	2023-04-08
18.1.2011	2011-01-18
16 April 1985	1985-04-16
06-Dec-1988	1988-12-06
Fri 20 May 2011	2011-05-20
17.7.2000	2000-07-17
03-Oct-2037	2037-10-03
the 6th of January 2025	2025-01-06
15 September 1969	1969-09-15
Wednesday, November 14, 2029	2029-11-14
the 28th of November 2027	2027-11-28
Saturday the 27th of August, 1955	1955-08-27
Sun 18 Jan 2004	2004-01-18
Tue 1 Dec 1992	1992-12-01
January 7, 1989	1989-01-07
Mon 28 Mar 2044	2044-03-28
SEPTEMBER 26 2020	2020-09-26
Sunday, April 5, 2043	2043-04-05
OCTOBER 19 1995	1995-10-19
Thu 29 Nov 1990	1990-11-29
27-Apr-2031	2031-04-27
11-Mar-1954	1954-03-11
Tuesday, January 27, 2009	2009-01-27
AUGUST 17 1998	1998-08-17
Monday, January 23, 2006	2006-01-23
Wed 8 Apr 1953	1953-04-08
MAY 1 1958	1958-05-01
Tuesday the 28th of July, 2009	2009-07-28
Fri 11 May 2012	2012-05-11
the 13th of July 1966	1966-07-13
Wednesday, May 24, 1967	1967-05-24
24 December 1990	1990-12-24
16-Feb-1987	1987-02-16
March 17, 1996	1996-03-17
August 27, 2032	2032-08-27
Mon 17 Mar 1958	1958-03-17
12 January 1958	1958-01-12
October 12, 2029	2029-10-12
15-May-2048	2048-05-15
Sunday, October 23, 1955	1955-10-23
Sunday, March 18, 1951	1951-03-18
27 May 1975	1975-05-27
December 25, 2013	2013-12-25
5.11.2014	2014-11-05
April 5, 1991	1991-04-05
16.11.2034	2034-11-16
APRIL 27 1977	1977-04-27
the 12th of December 2045	2045-12-12
MARCH 23 1978	1978-03-23
Monday the 23rd of October, 1978	1978-10-23
Thursday the 16th of May, 2024	2024-05-16
Monday, April 4, 2005	2005-04-04
OCTOBER 23 2014	2014-10-23
Saturday the 17th of January, 2037	2037-01-17
Sat 31 Aug 2041	2041-08-31
2 February 1950	1950-02-02
03-May-1986	1986-05-03
14-Nov-2041	2041-11-14
Sat 5 Nov 2005	2005-11-05
Monday the 2nd of June, 2003	2003-06-02
Sun 28 Dec 2025	2025-12-28
Tuesday, October 20, 2048	2048-10-20
Wednesday the 20th of September, 1995	1995-09-20
24 January 2004	2004-01-24
Monday the 2nd of January, 1978	1978-01-02
08-Feb-1974	1974-02-08
20 July 2031	2031-07-20
the 12th of January 2013	2013-01-12
JUNE 15 1975	1975-06-15
Sunday, March 27, 2044	2044-03-27
Sunday, December 10, 1961	1961-12-10
6 August 2028	2028-08-06
the 3rd of April 1961	1961-04-03
1 August 1953	1953-08-01
the 16th of August 2016	2016-08-16
29-Dec-1987	1987-12-29
SEPTEMBER 23 1996	1996-09-23
MARCH 15 2011	2011-03-15
Tue 16 Oct 2029	2029-10-16
23-Oct-2040	2040-10-23
the 15th of September 1964	1964-09-15
the 20th of April 1960	1960-04-20
October 22, 2032	2032-10-22
17.6.1998	1998-06-17
Saturday, September 21, 2019	2019-09-21
13-Aug-1995	1995-08-13
1956/12/18	1956-12-18
Tue 18 Jun 2030	2030-06-18
August 30, 1976	1976-08-30
28-May-1953	1953-05-28
Tue 9 Mar 2010	2010-03-09
6.4.2038	2038-04-06
1998/07/03	1998-07-03
2.5.2010	2010-05-02
Saturday the 10th of April, 1993	1993-04-10
9 December 2033	2033-12-09
7 August 1950	1950-08-07
3.8.1958	1958-08-03
Tuesday, October 16, 2007	2007-10-16
18 October 1979	1979-10-18
Wednesday, October 4, 2045	2045-10-04
MARCH 22 1959	1959-03-22
DECEMBER 3 2020	2020-12-03
21 March 2018	2018-03-21
2 April 1987	1987-04-02
12.12.2027	2027-12-12
Wednesday the 15th of September, 2027	2027-09-15
DECEMBER 4 2007	2007-12-04
Tuesday the 29th of March, 1994	1994-03-29
2004/06/21	2004-06-21
9 January 1977	1977-01-09
Saturday the 18th of December, 1982	1982-12-18
the 11th of March 1990	1990-03-11
Monday, October 2, 1978	1978-10-02
Sunday, June 25, 2045	2045-06-25
2041/10/18	2041-10-18
OCTOBER 9 2017	2017-10-09
18-Dec-2030	2030-12-18
Thursday, March 7, 2002	2002-03-07
2035/01/14	2035-01-14
Saturday the 9th of September, 1950	1950-09-09
24-Feb-2046	2046-02-24
Thursday, April 28, 1955	1955-04-28
Saturday, April 18, 1987	1987-04-18
Tue 7 Aug 2040	2040-08-07
22.10.2037	2037-10-22
the 8th of December 2045	2045-12-08
October 2, 2026	2026-10-02
MARCH 12 1975	1975-03-12
Thursday, November 17, 1977	1977-11-17
May 14, 1975	1975-05-14
1981/07/24	1981-07-24
October 13, 2011	2011-10-13
Monday, April 9, 2012	2012-04-09
Thursday the 16th of June, 1988	1988-06-16
8.2.1976	1976-02-08
1994/09/15	1994-09-15
08-Oct-1989	1989-10-08
JULY 24 1991	1991-07-24
the 9th of March 1972	1972-03-09
July 26, 2048	2048-07-26
30-Jan-2046	2046-01-30
Thursday the 31st of July, 2003	2003-07-31
07-Dec-1978	1978-12-07
25.8.1952	1952-08-25
Tue 17 Feb 2026	2026-02-17
16.4.2037	2037-04-16
AUGUST 2 2045	2045-08-02
2048/12/10	2048-12-10
NOVEMBER 24 1976	1976-11-24
Saturday the 24th of April, 2049	2049-04-24
the 18th of September 2041	2041-09-18
Saturday the 23rd of December, 1978	1978-12-23
October 7, 1968	1968-10-07
the 24th of November 1955	1955-11-24
Tuesday the 28th of February, 2017	2017-02-28
OCTOBER 7 1976	1976-10-07
2 May 2006	2006-05-02
Tuesday the 1st of March, 2022	2022-03-01
1966/01/06	1966-01-06
Thursday the 13th of July, 1995	1995-07-13
8.4.1999	1999-04-08
06-May-1990	1990-05-06
Sat 8 Dec 2035	2035-12-08
06-Jun-1954	1954-06-06
09-Mar-1983	1983-03-09
30 June 1952	1952-06-30
12-Jul-2038	2038-07-12
Saturday, June 10, 2045	2045-06-10
Monday, October 11, 2032	2032-10-11
30.12.2043	2043-12-30
Monday, April 2, 1956	1956-04-02
1992/11/14	1992-11-14
December 11, 1967	1967-12-11
Mon 22 Jun 1998	1998-06-22
21-May-1975	1975-05-21
14.10.2011	2011-10-14
20.10.2000	2000-10-20
17.11.1971	1971-11-17
2046/12/11	2046-12-11
the 13th of September 2001	2001-09-13
Fri 13 Feb 2043	2043-02-13
25.6.2033	2033-06-25
Tuesday the 29th of December, 2043	2043-12-29
November 12, 2006	2006-11-12
Friday the 17th of April, 1953	1953-04-17
25 February 2002	2002-02-25
Sunday the 8th of April, 2001	2001-04-08
10 August 2002	2002-08-10
Tuesday, March 9, 2027	2027-03-09
Saturday, April 25, 2043	2043-04-25
Fri 6 Feb 1976	1976-02-06
Tuesday, May 2, 1989	1989-05-02
20 October 1971	1971-10-20
30.4.1982	1982-04-30
2014/02/27	2014-02-27
4 July 2030	2030-07-04
1994/07/27	1994-07-27
Tuesday, April 15, 2042	2042-04-15
the 21st of July 1963	1963-07-21
14.8.2008	2008-08-14
June 18, 2049	2049-06-18
15.7.2048	2048-07-15
July 8, 1973	1973-07-08
1 February 2039	2039-02-01
May 29, 2044	2044-05-29
06-Jan-2014	2014-01-06
05-Dec-2001	2001-12-05
23 August 1994	1994-08-23
Sunday the 13th of July, 2003	2003-07-13
APRIL 12 1995	1995-04-12
Tuesday the 17th of October, 1950	1950-10-17
2008/06/13	2008-06-13
2029/03/08	2029-03-08
Saturday the 13th of February, 2044	2044-02-13
Tuesday the 8th of July, 2014	2014-07-08
14.10.2038	2038-10-14
Sat 6 Apr 1968	1968-04-06
27-Aug-1964	1964-08-27
7 February 1993	1993-02-07
Friday the 23rd of February, 2024	2024-02-23
19.8.2003	2003-08-19
2 March 2039	2039-03-02
2025/11/04	2025-11-04
Mon 2 Mar 2020	2020-03-02
28 February 2035	2035-02-28
Friday the 20th of September, 2019	2019-09-20
Sunday the 29th of July, 1956	1956-07-29
26 July 1970	1970-07-26
9 February 1999	1999-02-09
2035/12/18	2035-12-18
Sunday the 7th of February, 2044	2044-02-07
02-Jan-2030	2030-01-02
AUGUST 9 2018	2018-08-09
Wednesday the 30th of March, 2039	2039-03-30
26.8.2002	2002-08-26
Thu 8 Jan 2004	2004-01-08
the 26th of November 1997	1997-11-26
Sunday, December 2, 1973	1973-12-02
24-Jul-1969	1969-07-24
Thursday, January 25, 1968	1968-01-25
17-May-2037	2037-05-17
SEPTEMBER 5 1958	1958-09-05
26 November 2011	2011-11-26
Friday the 2nd of July, 1971	1971-07-02
February 5, 1968	1968-02-05
the 23rd of May 1989	1989-05-23
Sat 14 May 2022	2022-05-14
2034/12/20	2034-12-20
the 17th of December 2030	2030-12-17
Mon 29 Dec 1980	1980-12-29
08-May-2002	2002-05-08
Tuesday the 21st of April, 1953	1953-04-21
1952/02/18	1952-02-18
10-Jan-1986	1986-01-10
1950/07/30	1950-07-30
Fri 15 Aug 2025	2025-08-15
3 March 1993	1993-03-03
22-Jun-2024	2024-06-22
OCTOBER 4 1957	1957-10-04
14 January 1983	1983-01-14
1991/09/24	1991-09-24
Sat 25 May 2013	2013-05-25
5.7.2038	2038-07-05
the 18th of July 1950	1950-07-18
27.5.2016	2016-05-27
MAY 27 1967	1967-05-27
Tuesday the 19th of November, 2041	2041-11-19
2048/11/08	2048-11-08
December 26, 2011	2011-12-26
1 February 1969	1969-02-01
27 May 1950	1950-05-27
Saturday the 6th of May, 1961	1961-05-06
JANUARY 21 1975	1975-01-21
December 10, 2022	2022-12-10
February 21, 1981	1981-02-21
Monday, May 24, 2021	2021-05-24
1964/04/07	1964-04-07
May 11, 1969	1969-05-11
Saturday the 22nd of April, 2028	2028-04-22
AUGUST 13 1952	1952-08-13
1979/03/29	1979-03-29
Friday, October 11, 2030	2030-10-11
July 13, 1962	1962-07-13
27.12.1989	1989-12-27
Tuesday, March 18, 1986	1986-03-18
November 8, 1951	1951-11-08
MARCH 26 1987	1987-03-26
March 8, 2042	2042-03-08
Wed 26 Jul 2028	2028-07-26
Mon 8 Nov 2038	2038-11-08
FEBRUARY 13 1997	1997-02-13
Thu 17 Mar 1977	1977-03-17
6 March 1972	1972-03-06
FEBRUARY 22 2020	2020-02-22
Sunday the 30th of September, 1962	1962-09-30
Monday the 29th of March, 1982	1982-03-29
2025/07/19	2025-07-19
February 27, 2012	2012-02-27
Sat 12 Dec 1964	1964-12-12
Sun 3 May 1981	1981-05-03
Monday the 2nd of April, 2029	2029-04-02
06-Oct-2025	2025-10-06
2007/05/21	2007-05-21
7 October 2016	2016-10-07
Sun 15 May 2044	2044-05-15
March 14, 1962	1962-03-14
Saturday, July 31, 1965	1965-07-31
1972/05/28	1972-05-28
Tuesday the 6th of July, 2032	2032-07-06
Sunday the 20th of January, 2008	2008-01-20
2045/04/17	2045-04-17
the 18th of February 1982	1982-02-18
2021/07/25	2021-07-25
15 February 1988	1988-02-15
Tuesday the 7th of October, 1997	1997-10-07
May 6, 2000	2000-05-06
Saturday the 25th of April, 1959	1959-04-25
1990/10/16	1990-10-16
May 11, 2045	2045-05-11
1972/09/14	1972-09-14
JULY 5 1969	1969-07-05
2004/07/18	2004-07-18
Tuesday, May 4, 2004	2004-05-04
21.9.1962	1962-09-21
Wednesday, May 6, 1953	1953-05-06
Sunday, November 6, 1977	1977-11-06
Wednesday, October 23, 1957	1957-10-23
Thursday the 1st of April, 2004	2004-04-01
Wed 18 Nov 1959	1959-11-18
02-Sep-2007	2007-09-02
Sunday the 3rd of April, 2022	2022-04-03
1957/04/07	1957-04-07
the 10th of May 2009	2009-05-10
30 August 2010	2010-08-30
1.8.2027	2027-08-01
February 4, 2034	2034-02-04
MARCH 28 1964	1964-03-28
2 April 1972	1972-04-02
24 September 1994	1994-09-24
23-Sep-2002	2002-09-23
Monday the 17th of July, 2045	2045-07-17
11.8.2004	2004-08-11
Saturday the 28th of April, 2012	2012-04-28
Friday the 28th of April, 2034	2034-04-28
29 January 1993	1993-01-29
1995/06/28	1995-06-28
January 24, 2002	2002-01-24
the 16th of January 2011	2011-01-16
19.1.1974	1974-01-19
OCTOBER 20 1964	1964-10-20
22 April 2005	2005-04-22
the 12th of December 2049	2049-12-12
SEPTEMBER 23 1976	1976-09-23
MARCH 6 2003	2003-03-06
1962/11/27	1962-11-27
30 December 1982	1982-12-30
JANUARY 3 1969	1969-01-03
5.1.2048	2048-01-05
JANUARY 22 2020	2020-01-22
30.8.1970	1970-08-30
Thursday, December 18, 1997	1997-12-18
February 20, 2002	2002-02-20
1979/07/10	1979-07-10
Fri 6 May 2011	2011-05-06
21.2.2045	2045-02-21
2026/08/29	2026-08-29
February 10, 2029	2029-02-10
1 February 2040	2040-02-01
Tuesday, July 26, 1960	1960-07-26
Wed 17 Sep 1975	1975-09-17
September 8, 1992	1992-09-08
March 25, 2027	2027-03-25
28-Sep-2041	2041-09-28
JANUARY 26 1967	1967-01-26
09-Oct-2030	2030-10-09
11 November 2015	2015-11-11
MARCH 16 1966	1966-03-16
22 August 1951	1951-08-22
12.10.2004	2004-10-12
3.8.2005	2005-08-03
Mon 24 Sep 2001	2001-09-24
Thursday the 3rd of October, 1991	1991-10-03
2 December 1999	1999-12-02
6 August 1960	1960-08-06
30-Oct-1972	1972-10-30
April 15, 1982	1982-04-15
the 21st of October 2003	2003-10-21
February 19, 1969	1969-02-19
29 October 1982	1982-10-29
Friday the 6th of November, 1981	1981-11-06
Mon 3 Jan 2005	2005-01-03
24 January 1978	1978-01-24
1.9.2044	2044-09-01
17-Nov-2003	2003-11-17
the 10th of May 1988	1988-05-10
JANUARY 14 2040	2040-01-14
1963/10/12	1963-10-12
21-Jun-2009	2009-06-21
April 19, 1954	1954-04-19
Wednesday, September 4, 1968	1968-09-04
November 6, 1989	1989-11-06
13.4.2008	2008-04-13
OCTOBER 22 1994	1994-10-22
Thu 14 Nov 1957	1957-11-14
11.7.1993	1993-07-11
1994/04/10	1994-04-10
FEBRUARY 15 2033	2033-02-15
29.3.2017	2017-03-29
07-Jan-1956	1956-01-07
Thu 10 Sep 2026	2026-09-10
Wed 3 Aug 2005	2005-08-03
2012/07/29	2012-07-29
Sat 24 Jun 2045	2045-06-24
JULY 21 2019	2019-07-21
10 May 1980	1980-05-10
26.7.2018	2018-07-26
Wednesday the 10th of February, 1954	1954-02-10
25.11.2015	2015-11-25
1953/09/22	1953-09-22
3 November 2031	2031-11-03
November 24, 2031	2031-11-24
8 August 2019	2019-08-08
Wed 8 Apr 1998	1998-04-08
the 2nd of March 2011	2011-03-02
JULY 23 1972	1972-07-23
2037/09/15	2037-09-15
2 July 2035	2035-07-02
December 20, 2049	2049-12-20
05-Oct-1999	1999-10-05
Tue 3 Aug 2021	2021-08-03
January 24, 1965	1965-01-24
June 11, 1985	1985-06-11
2022/06/24	2022-06-24
Sun 17 Dec 1967	1967-12-17
01-Jul-2030	2030-07-01
18 November 2005	2005-11-18
May 7, 2028	2028-05-07
1958/09/01	1958-09-01
2.9.2031	2031-09-02
Wednesday the 18th of September, 1968	1968-09-18
12-Oct-2001	2001-10-12
APRIL 5 1998	1998-04-05
the 14th of January 2024	2024-01-14
10 March 2027	2027-03-10
29-Jul-2004	2004-07-29
Saturday the 10th of January, 1959	1959-01-10
Sat 6 May 1950	1950-05-06
August 29, 2025	2025-08-29
Thu 9 May 1996	1996-05-09
Mon 21 Jun 2004	2004-06-21
25-Dec-2043	2043-12-25
FEBRUARY 5 2046	2046-02-05
Tuesday the 13th of March, 2001	2001-03-13
Tue 29 Jan 1985	1985-01-29
22.6.1988	1988-06-22
14-Dec-1968	1968-12-14
25.6.2021	2021-06-25
2034/10/15	2034-10-15
NOVEMBER 4 1955	1955-11-04
Wed 5 Feb 2031	2031-02-05
Thursday the 5th of March, 2043	2043-03-05
the 4th of April 2030	2030-04-04
FEBRUARY 8 2002	2002-02-08
Friday the 25th of April, 2014	2014-04-25
Mon 1 Aug 2033	2033-08-01
01-Sep-2006	2006-09-01
15.6.1951	1951-06-15
4 January 1967	1967-01-04
Sunday, December 31, 1989	1989-12-31
Fri 16 Jun 2028	2028-06-16
21 June 2016	2016-06-21
the 11th of August 2044	2044-08-11
2011/02/03	2011-02-03
2003/03/20	2003-03-20
NOVEMBER 8 1968	1968-11-08
18.9.2045	2045-09-18
13 February 1973	1973-02-13
21 September 2004	2004-09-21
8 March 1988	1988-03-08
the 17th of June 2044	2044-06-17
15.7.1957	1957-07-15
Tuesday, September 27, 1988	1988-09-27
11.8.1950	1950-08-11
28.9.2001	2001-09-28
Saturday, November 17, 1962	1962-11-17
Sun 14 Mar 2010	2010-03-14
Friday, September 18, 2020	2020-09-18
2009/07/30	2009-07-30
Friday, September 5, 2025	2025-09-05
Mon 10 Oct 2044	2044-10-10
04-Apr-1968	1968-04-04
Mon 12 Aug 2030	2030-08-12
Saturday the 28th of May, 2005	2005-05-28
April 5, 1998	1998-04-05
1991/11/22	1991-11-22
22.1.2004	2004-01-22
2023/04/27	2023-04-27
1959/07/17	1959-07-17
23-Feb-1991	1991-02-23
1998/07/09	1998-07-09
Thu 10 Mar 2005	2005-03-10
Fri 1 Oct 2049	2049-10-01
10 January 2037	2037-01-10
Saturday the 1st of March, 2003	2003-03-01
20.5.1959	1959-05-20
22 August 2044	2044-08-22
30-Dec-2007	2007-12-30
Sat 27 Feb 2044	2044-02-27
Tue 3 Feb 1970	1970-02-03
Tuesday the 30th of November, 2010	2010-11-30
Sun 5 Mar 1967	1967-03-05
4 May 2023	2023-05-04
AUGUST 23 2049	2049-08-23
Sat 7 May 2016	2016-05-07
NOVEMBER 19 2004	2004-11-19
Friday, May 8, 1987	1987-05-08
06-Jul-2006	2006-07-06
JUNE 25 1998	1998-06-25
Thu 9 May 1974	1974-05-09
Mon 6 Jul 2037	2037-07-06
Saturday the 14th of November, 2015	2015-11-14
Tuesday the 2nd of May, 2017	2017-05-02
12 January 1999	1999-01-12
Wednesday, August 19, 1964	1964-08-19
Thursday the 19th of February, 2009	2009-02-19
2016/03/08	2016-03-08
20.6.1955	1955-06-20
24 August 1977	1977-08-24
Tue 14 Aug 1984	1984-08-14
Monday, December 6, 1954	1954-12-06
July 3, 2020	2020-07-03
June 5, 1980	1980-06-05
Thursday, February 14, 2019	2019-02-14
27-Apr-1971	1971-04-27
18 November 2031	2031-11-18
MARCH 10 2047	2047-03-10
Tuesday, November 13, 1956	1956-11-13
Sat 17 Apr 2032	2032-04-17
the 2nd of May 1970	1970-05-02
the 7th of November 2012	2012-11-07
1970/09/20	1970-09-20
1972/01/12	1972-01-12
Thursday, September 7, 2028	2028-09-07
February 18, 2026	2026-02-18
1981/12/29	1981-12-29
the 5th of September 2037	2037-09-05
MAY 21 1975	1975-05-21
Thursday, November 30, 1995	1995-11-30
January 15, 1996	1996-01-15
Monday the 27th of June, 2011	2011-06-27
the 25th of March 2038	2038-03-25
Tuesday the 15th of June, 1999	1999-06-15
Thursday the 21st of April, 2044	2044-04-21
Monday the 23rd of August, 2010	2010-08-23
Mon 4 Jan 1982	1982-01-04
Tue 20 Oct 1987	1987-10-20
28.12.2021	2021-12-28
Friday the 26th of March, 1999	1999-03-26
March 13, 2017	2017-03-13
1956/11/14	1956-11-14
2032/11/13	2032-11-13
31 August 1976	1976-08-31
10.9.1995	1995-09-10
12-Dec-2002	2002-12-12
Thursday, May 12, 1994	1994-05-12
Friday, June 27, 1986	1986-06-27
October 16, 2017	2017-10-16
13-Feb-1996	1996-02-13
Tuesday, June 7, 1988	1988-06-07
17 February 1971	1971-02-17
July 9, 2023	2023-07-09
Sat 9 Dec 2045	2045-12-09
December 20, 2006	2006-12-20
November 14, 2040	2040-11-14
29 January 2035	2035-01-29
28 May 2033	2033-05-28
the 10th of July 2042	2042-07-10
9 June 2009	2009-06-09
Fri 12 Dec 2025	2025-12-12
the 14th of September 1997	1997-09-14
Tuesday the 22nd of August, 2045	2045-08-22
27-Dec-1962	1962-12-27
the 22nd of June 2044	2044-06-22
15.7.1997	1997-07-15
Saturday, August 9, 2036	2036-08-09
Fri 1 Dec 1989	1989-12-01
the 7th of January 2025	2025-01-07
15.4.2018	2018-04-15
Wed 7 May 1975	1975-05-07
5.3.2025	2025-03-05
August 16, 1972	1972-08-16
Saturday the 12th of January, 2036	2036-01-12
Tuesday, July 15, 2036	2036-07-15
the 24th of July 2017	2017-07-24
MARCH 4 2010	2010-03-04
Thu 3 May 2040	2040-05-03
February 24, 1999	1999-02-24
Thu 3 Oct 1974	1974-10-03
11.11.1974	1974-11-11
Sunday, January 5, 2042	2042-01-05
Monday the 20th of November, 2034	2034-11-20
APRIL 23 1954	1954-04-23
Wednesday the 29th of July, 1992	1992-07-29
Saturday the 7th of September, 1985	1985-09-07
2048/04/22	2048-04-22
Saturday the 12th of November, 2005	2005-11-12
7.5.1987	1987-05-07
11-Sep-2003	2003-09-11
30 March 1980	1980-03-30
2010/03/22	2010-03-22
Monday, July 22, 1968	1968-07-22
25 April 2019	2019-04-25
Tuesday, July 25, 1950	1950-07-25
12-Mar-1978	1978-03-12
February 22, 1995	1995-02-22
Monday, May 2, 2033	2033-05-02
September 8, 2017	2017-09-08
JANUARY 25 2012	2012-01-25
the 6th of March 2034	2034-03-06
the 3rd of April 1986	1986-04-03
the 30th of November 1993	1993-11-30
July 12, 1955	1955-07-12
OCTOBER 6 2043	2043-10-06
February 13, 2032	2032-02-13
Thu 5 Aug 1976	1976-08-05
Thursday, November 19, 1959	1959-11-19
February 20, 1970	1970-02-20
21 June 1956	1956-06-21
Thu 4 Sep 1952	1952-09-04
FEBRUARY 5 2014	2014-02-05
Monday, March 13, 1950	1950-03-13
DECEMBER 27 2019	2019-12-27
Friday, April 17, 1953	1953-04-17
Thursday the 16th of May, 1957	1957-05-16
the 9th of July 1953	1953-07-09
Saturday the 16th of March, 2013	2013-03-16
January 29, 1974	1974-01-29
27.2.1962	1962-02-27
the 12th of April 2049	2049-04-12
October 8, 1968	1968-10-08
2 October 2046	2046-10-02
09-May-2033	2033-05-09
13.4.1954	1954-04-13
25 November 2021	2021-11-25
21-Nov-1951	1951-11-21
DECEMBER 2 1986	1986-12-02
20.1.2020	2020-01-20
Thu 30 Aug 2040	2040-08-30
July 1, 1951	1951-07-01
Mon 22 Aug 1994	1994-08-22
04-May-1975	1975-05-04
January 4, 1993	1993-01-04
1996/03/27	1996-03-27
27.2.2011	2011-02-27
Tuesday the 2nd of October, 1956	1956-10-02
March 1, 1986	1986-03-01
SEPTEMBER 29 1983	1983-09-29
Sat 17 Apr 1993	1993-04-17
14-Apr-1968	1968-04-14
JULY 12 2046	2046-07-12
the 29th of February 2024	2024-02-29
27-Oct-2024	2024-10-27
17-Apr-1998	1998-04-17
28.2.2012	2012-02-28
Tue 7 Jul 1998	1998-07-07
Sunday the 28th of May, 2045	2045-05-28
5 July 1956	1956-07-05
1961/12/11	1961-12-11
the 16th of October 1980	1980-10-16
24.6.2015	2015-06-24
29.8.1989	1989-08-29
MARCH 2 2002	2002-03-02
20 March 2037	2037-03-20
Wed 3 Jun 2020	2020-06-03
SEPTEMBER 28 2001	2001-09-28
Thursday the 2nd of August, 2007	2007-08-02
10.10.2045	2045-10-10
8.1.1984	1984-01-08
1983/09/07	1983-09-07
Friday the 10th of March, 1972	1972-03-10
Tuesday the 14th of December, 1982	1982-12-14
August 10, 2009	2009-08-10
NOVEMBER 18 1955	1955-11-18
Sat 16 Dec 2006	2006-12-16
25-Mar-1974	1974-03-25
21 February 1987	1987-02-21
the 2nd of February 2037	2037-02-02
7.8.1974	1974-08-07
Tuesday the 30th of July, 2041	2041-07-30
22.7.2036	2036-07-22
2034/09/17	2034-09-17
the 8th of October 2003	2003-10-08
26-Jul-2019	2019-07-26
17-Aug-1994	1994-08-17
1957/12/12	1957-12-12
Saturday, December 28, 1974	1974-12-28
22 August 1964	1964-08-22
MAY 1 2028	2028-05-01
3.7.1992	1992-07-03
April 23, 1968	1968-04-23
AUGUST 22 1967	1967-08-22
8 May 1983	1983-05-08
19-Dec-1983	1983-12-19
Wed 22 May 2030	2030-05-22
30-Jan-2043	2043-01-30
13-Dec-2026	2026-12-13
the 17th of May 2048	2048-05-17
Thursday, November 29, 1973	1973-11-29
29-Sep-1999	1999-09-29
Friday the 13th of December, 1985	1985-12-13
10.9.1994	1994-09-10
the 27th of April 2013	2013-04-27
30.6.2026	2026-06-30
Wed 31 Mar 2010	2010-03-31
Sunday, October 7, 1984	1984-10-07
MARCH 20 2016	2016-03-20
20.8.2033	2033-08-20
7 August 2015	2015-08-07
31-Dec-2036	2036-12-31
Monday the 26th of March, 1990	1990-03-26
19.4.2036	2036-04-19
10 February 2049	2049-02-10
August 23, 2010	2010-08-23
Sunday, October 9, 1977	1977-10-09
Wednesday, September 19, 2046	2046-09-19
the 14th of September 2012	2012-09-14
Saturday the 4th of October, 1980	1980-10-04
Wednesday, June 11, 2003	2003-06-11
2042/03/25	2042-03-25
Monday the 22nd of August, 1977	1977-08-22
DECEMBER 6 2012	2012-12-06
the 15th of August 2040	2040-08-15
Fri 15 Oct 1999	1999-10-15
August 17, 2047	2047-08-17
Thursday, October 14, 2004	2004-10-14
12-Dec-2022	2022-12-12
the 15th of June 1979	1979-06-15
04-Sep-2013	2013-09-04
1981/09/11	1981-09-11
Sunday, November 27, 2011	2011-11-27
December 23, 2018	2018-12-23
23-Jun-1991	1991-06-23
2036/02/09	2036-02-09
28 September 1986	1986-09-28
Sunday the 8th of April, 2046	2046-04-08
the 11th of November 1988	1988-11-11
1963/03/30	1963-03-30
Wed 11 Jan 1950	1950-01-11
15-Feb-2038	2038-02-15
11.8.2034	2034-08-11
Tue 19 Feb 1991	1991-02-19
November 22, 2031	2031-11-22
Tue 7 Mar 2028	2028-03-07
SEPTEMBER 5 2048	2048-09-05
Sunday the 7th of July, 1957	1957-07-07
Sat 2 Aug 2042	2042-08-02
APRIL 3 2009	2009-04-03
Saturday the 15th of February, 2014	2014-02-15
Fri 8 Dec 1989	1989-12-08
Wednesday, January 1, 2031	2031-01-01
AUGUST 9 1993	1993-08-09
September 3, 2007	2007-09-03
1 September 1953	1953-09-01
16 April 2042	2042-04-16
FEBRUARY 17 2033	2033-02-17
1954/11/13	1954-11-13
the 12th of September 2024	2024-09-12
Mon 3 Jun 1957	1957-06-03
March 1, 1981	1981-03-01
Thursday the 30th of January, 2003	2003-01-30
1991/04/21	1991-04-21
12 June 1987	1987-06-12
the 12th of November 1976	1976-11-12
Friday, October 1, 2010	2010-10-01
2026/05/18	2026-05-18
26-Jan-2042	2042-01-26
1981/02/04	1981-02-04
4 September 1997	1997-09-04
2046/07/01	2046-07-01
Monday, April 2, 2007	2007-04-02
April 27, 2022	2022-04-27
Tuesday, October 16, 1956	1956-10-16
15.3.2040	2040-03-15
the 6th of June 1963	1963-06-06
28-May-1965	1965-05-28
the 22nd of September 2003	2003-09-22
the 16th of September 2002	2002-09-16
3.8.2031	2031-08-03
November 8, 2027	2027-11-08
Wednesday the 4th of July, 1962	1962-07-04
1979/02/02	1979-02-02
13-Sep-1970	1970-09-13
2024/12/07	2024-12-07
Wednesday, August 11, 1954	1954-08-11
1993/08/30	1993-08-30
the 15th of November 2020	2020-11-15
the 11th of January 1986	1986-01-11
Monday the 26th of August, 1974	1974-08-26
10 November 1994	1994-11-10
Wed 8 Jun 1983	1983-06-08
6.7.1986	1986-07-06
May 24, 1960	1960-05-24
November 15, 2007	2007-11-15
6 February 1994	1994-02-06
the 11th of November 1989	1989-11-11
1968/10/15	1968-10-15
SEPTEMBER 11 2006	2006-09-11
Saturday, April 28, 1984	1984-04-28
1997/05/14	1997-05-14
Thu 24 Sep 2009	2009-09-24
the 7th of January 2011	2011-01-07
December 14, 1988	1988-12-14
11.4.1995	1995-04-11
the 19th of November 2033	2033-11-19
Tuesday, May 4, 1976	1976-05-04
16-Oct-2042	2042-10-16
1989/07/21	1989-07-21
1999/04/14	1999-04-14
AUGUST 1 2001	2001-08-01
Tuesday the 28th of February, 2045	2045-02-28
Thursday, February 17, 2028	2028-02-17
the 5th of February 1989	1989-02-05
5 July 2039	2039-07-05
Thu 4 Sep 1997	1997-09-04
15.10.2022	2022-10-15
Mon 15 Jan 1979	1979-01-15
2 April 1985	1985-04-02
March 14, 2030	2030-03-14
Saturday, December 1, 2018	2018-12-01
Wed 30 Aug 2028	2028-08-30
30-Mar-1990	1990-03-30
the 21st of July 2003	2003-07-21
Tue 13 Oct 2037	2037-10-13
9.4.1999	1999-04-09
Friday the 19th of February, 1993	1993-02-19
26-Dec-2042	2042-12-26
2047/04/12	2047-04-12
Thursday, August 19, 2032	2032-08-19
1956/09/03	1956-09-03
Sun 21 Aug 2005	2005-08-21
the 22nd of July 2008	2008-07-22
13.1.2032	2032-01-13
24 November 2007	2007-11-24
APRIL 2 2003	2003-04-02
Thu 28 Dec 1967	1967-12-28
11.3.1958	1958-03-11
13-Oct-1983	1983-10-13
NOVEMBER 24 2000	2000-11-24
Tuesday the 6th of December, 2011	2011-12-06
21-Nov-1996	1996-11-21
JUNE 13 1967	1967-06-13
04-Aug-2000	2000-08-04
31-May-2011	2011-05-31
the 24th of July 1953	1953-07-24
NOVEMBER 22 1981	1981-11-22
13-Jul-2048	2048-07-13
March 30, 2010	2010-03-30
2044/01/17	2044-01-17
the 25th of November 1987	1987-11-25
Monday the 6th of July, 2026	2026-07-06
24 January 2018	2018-01-24
DECEMBER 9 1995	1995-12-09
Saturday, February 17, 1973	1973-02-17
the 26th of May 2046	2046-05-26
the 1st of November 2013	2013-11-01
SEPTEMBER 4 2041	2041-09-04
Mon 25 Feb 2008	2008-02-25
08-Jan-2003	2003-01-08
7 March 1958	1958-03-07
2046/06/13	2046-06-13
Wednesday, December 7, 1977	1977-12-07
5 October 2027	2027-10-05
Sunday the 28th of May, 2000	2000-05-28
Wed 16 Dec 1953	1953-12-16
Monday the 8th of October, 2040	2040-10-08
DECEMBER 20 1969	1969-12-20
1975/03/03	1975-03-03
Thursday, August 18, 1966	1966-08-18
October 16, 1992	1992-10-16
15.2.2009	2009-02-15
August 31, 1962	1962-08-31
August 23, 1991	1991-08-23
AUGUST 10 2016	2016-08-10
the 13th of March 2011	2011-03-13
Friday the 29th of July, 1988	1988-07-29
Sun 7 May 1961	1961-05-07
November 14, 1952	1952-11-14
Fri 19 Jan 1973	1973-01-19
the 7th of August 2015	2015-08-07
September 5, 1969	1969-09-05
April 11, 1967	1967-04-11
Friday, August 3, 2001	2001-08-03
Wed 15 Aug 1979	1979-08-15
Saturday the 1st of February, 1958	1958-02-01
SEPTEMBER 4 2039	2039-09-04
Saturday, May 11, 2041	2041-05-11
JUNE 5 1995	1995-06-05
May 28, 2016	2016-05-28
FEBRUARY 28 2001	2001-02-28
Tuesday, December 14, 1982	1982-12-14
23.10.2014	2014-10-23
Sunday the 7th of May, 1978	1978-05-07
15-Aug-1951	1951-08-15
Sunday the 6th of January, 1980	1980-01-06
15 September 2031	2031-09-15
Friday, April 12, 1991	1991-04-12
1977/06/29	1977-06-29
23.1.1989	1989-01-23
Wed 17 May 2028	2028-05-17
27-Jun-1988	1988-06-27
18-Feb-2000	2000-02-18
15 August 1994	1994-08-15
Friday, January 4, 2047	2047-01-04
30.12.1958	1958-12-30
Wednesday the 31st of January, 2035	2035-01-31
4 October 2001	2001-10-04
the 24th of September 2017	2017-09-24
Wednesday the 4th of March, 1987	1987-03-04
31.1.2013	2013-01-31
the 10th of November 2045	2045-11-10
30-Jul-2028	2028-07-30
November 27, 2018	2018-11-27
AUGUST 8 1995	1995-08-08
21.1.1998	1998-01-21
2009/10/11	2009-10-11
Saturday, June 30, 2029	2029-06-30
1978/07/23	1978-07-23
DECEMBER 12 2001	2001-12-12
1982/11/02	1982-11-02
Saturday the 7th of November, 1998	1998-11-07
Thursday, February 28, 1952	1952-02-28
2037/06/19	2037-06-19
September 19, 2008	2008-09-19
Wednesday the 14th of May, 1975	1975-05-14
Friday the 27th of August, 1976	1976-08-27
19 February 2043	2043-02-19
24-Jul-2034	2034-07-24
14.12.2034	2034-12-14
Sun 3 Oct 2049	2049-10-03
19 February 2032	2032-02-19
July 4, 1980	1980-07-04
11.12.2014	2014-12-11
22-Dec-2020	2020-12-22
18 April 2015	2015-04-18
NOVEMBER 17 2022	2022-11-17
12-Nov-2006	2006-11-12
Saturday the 19th of October, 2041	2041-10-19
AUGUST 18 2031	2031-08-18
the 24th of August 1979	1979-08-24
16 May 1966	1966-05-16
January 22, 2048	2048-01-22
April 28, 1991	1991-04-28
the 20th of September 1954	1954-09-20
the 18th of September 1956	1956-09-18
Tue 20 Jul 2038	2038-07-20
Wed 26 Jun 1974	1974-06-26
13-Sep-1966	1966-09-13
Friday the 5th of March, 2021	2021-03-05
Sunday, August 4, 2019	2019-08-04
December 25, 2029	2029-12-25
February 8, 2008	2008-02-08
1967/10/09	1967-10-09
August 6, 1965	1965-08-06
2045/06/26	2045-06-26
the 13th of May 1982	1982-05-13
Thursday the 24th of January, 2008	2008-01-24
Thursday the 10th of August, 1961	1961-08-10
Thursday the 3rd of September, 2015	2015-09-03
Wed 14 Feb 1996	1996-02-14
Tuesday, September 21, 1999	1999-09-21
24.4.1971	1971-04-24
18.3.1973	1973-03-18
2024/05/20	2024-05-20
28-Jul-2009	2009-07-28
15.12.1995	1995-12-15
24.4.2036	2036-04-24
Thursday the 11th of September, 1958	1958-09-11
Wed 26 Jan 1966	1966-01-26
OCTOBER 17 2014	2014-10-17
MAY 17 2040	2040-05-17
1973/04/01	1973-04-01
the 24th of April 1955	1955-04-24
Saturday, March 5, 2044	2044-03-05
Sat 4 May 2047	2047-05-04
11.11.2002	2002-11-11
11.5.1975	1975-05-11
Tuesday the 4th of April, 2000	2000-04-04
October 12, 2005	2005-10-12
13 November 1960	1960-11-13
11-Jun-2003	2003-06-11
Mon 12 Aug 1968	1968-08-12
13 December 1992	1992-12-13
25-Feb-2032	2032-02-25
the 22nd of February 1980	1980-02-22
Thu 27 Mar 2031	2031-03-27
1979/11/03	1979-11-03
Wednesday, April 13, 2044	2044-04-13
18.7.1991	1991-07-18
Fri 23 Mar 1956	1956-03-23
Fri 5 Feb 2021	2021-02-05
Wed 22 Oct 1980	1980-10-22
DECEMBER 12 1963	1963-12-12
Sun 26 Feb 1989	1989-02-26
1951/01/09	1951-01-09
JUNE 25 2005	2005-06-25
July 16, 2024	2024-07-16
Monday the 22nd of November, 1976	1976-11-22
29-Apr-1982	1982-04-29
Wednesday, September 27, 1950	1950-09-27
Mon 25 Nov 1957	1957-11-25
Saturday, May 31, 2008	2008-05-31
January 19, 2028	2028-01-19
Tuesday the 15th of February, 1983	1983-02-15
Sunday the 18th of March, 1956	1956-03-18
Wed 19 Mar 2003	2003-03-19
Friday, March 15, 1974	1974-03-15
the 1st of May 1976	1976-05-01
19.11.2009	2009-11-19
Thu 29 Jul 1954	1954-07-29
18 July 2014	2014-07-18
FEBRUARY 7 1962	1962-02-07
1983/10/28	1983-10-28
OCTOBER 24 2036	2036-10-24
May 2, 1998	1998-05-02
the 17th of March 2003	2003-03-17
Tuesday, June 11, 1957	1957-06-11
Thursday, October 12, 2000	2000-10-12
May 29, 1976	1976-05-29
Tue 6 Apr 2038	2038-04-06
May 28, 1992	1992-05-28
the 28th of May 2028	2028-05-28
Monday the 6th of August, 2001	2001-08-06
July 4, 1981	1981-07-04
25.7.2020	2020-07-25
Monday, January 21, 2030	2030-01-21
Tuesday, June 25, 1996	1996-06-25
the 27th of December 1963	1963-12-27
March 27, 1988	1988-03-27
Sat 15 Apr 1961	1961-04-15
25 November 1980	1980-11-25
11-Feb-2026	2026-02-11
Wednesday, July 11, 1973	1973-07-11
1.9.1969	1969-09-01
1977/11/26	1977-11-26
Wednesday, February 15, 2034	2034-02-15
1964/04/10	1964-04-10
Saturday the 5th of September, 1992	1992-09-05
MARCH 9 2003	2003-03-09
JUNE 4 2032	2032-06-04
Wednesday the 9th of October, 2030	2030-10-09
18 May 2008	2008-05-18
1964/02/29	1964-02-29
Wednesday, May 21, 2025	2025-05-21
Sun 4 May 2003	2003-05-04
Sunday, August 1, 1954	1954-08-01
Friday, January 22, 2027	2027-01-22
Saturday the 24th of November, 2001	2001-11-24
12.11.1973	1973-11-12
Friday, February 7, 1969	1969-02-07
10.3.2049	2049-03-10
27.1.2029	2029-01-27
Sunday, March 27, 1955	1955-03-27
Fri 19 Nov 1993	1993-11-19
the 25th of August 1986	1986-08-25
Sun 22 May 2039	2039-05-22
22 March 1976	1976-03-22
Thursday the 22nd of August, 1974	1974-08-22
4.4.2034	2034-04-04
Monday the 26th of February, 1979	1979-02-26
Saturday, April 13, 1968	1968-04-13
Tue 26 Dec 1972	1972-12-26
the 17th of April 1967	1967-04-17
Monday, January 4, 1999	1999-01-04
October 6, 1974	1974-10-06
the 25th of July 2039	2039-07-25
April 23, 1960	1960-04-23
Wednesday the 10th of July, 2041	2041-07-10
the 8th of October 1982	1982-10-08
Monday the 16th of September, 2013	2013-09-16
Saturday, July 4, 1992	1992-07-04
25-May-2034	2034-05-25
Sat 7 Jan 2040	2040-01-07
18.6.2028	2028-06-18
25.8.2030	2030-08-25
3 February 2049	2049-02-03
24.9.1987	1987-09-24
2000/04/07	2000-04-07
Thursday the 18th of October, 2007	2007-10-18
12-Oct-1998	1998-10-12
22-Nov-1996	1996-11-22
Friday the 3rd of March, 1961	1961-03-03
1988/04/14	1988-04-14
DECEMBER 27 1976	1976-12-27
Thursday the 24th of September, 1970	1970-09-24
Wed 5 Nov 1975	1975-11-05
Saturday the 30th of March, 2019	2019-03-30
1 September 1987	1987-09-01
22 August 1976	1976-08-22
2007/09/26	2007-09-26
2047/11/20	2047-11-20
2046/12/31	2046-12-31
5.8.1970	1970-08-05
June 22, 2005	2005-06-22
5.6.1981	1981-06-05
02-Nov-2028	2028-11-02
February 27, 2040	2040-02-27
September 15, 1972	1972-09-15
19.9.1996	1996-09-19
JULY 17 1951	1951-07-17
30-Jun-2032	2032-06-30
April 13, 1977	1977-04-13
Mon 26 Dec 2039	2039-12-26
Thursday the 8th of September, 2011	2011-09-08
JANUARY 23 1958	1958-01-23
March 30, 2047	2047-03-30
DECEMBER 13 2035	2035-12-13
April 8, 2028	2028-04-08
Monday the 12th of February, 2007	2007-02-12
NOVEMBER 15 1996	1996-11-15
Fri 29 Jun 2012	2012-06-29
Thursday the 12th of January, 2017	2017-01-12
the 2nd of July 1968	1968-07-02
1952/07/08	1952-07-08
7.10.1978	1978-10-07
13 August 1955	1955-08-13
19 January 1953	1953-01-19
May 26, 1966	1966-05-26
17-Oct-1965	1965-10-17
January 22, 2014	2014-01-22
Thursday the 16th of February, 2040	2040-02-16
February 6, 2017	2017-02-06
30.9.2036	2036-09-30
June 9, 1982	1982-06-09
Tue 17 Dec 1996	1996-12-17
Tue 27 Jun 2028	2028-06-27
10 December 2021	2021-12-10
26.8.1972	1972-08-26
Wed 15 Jan 1964	1964-01-15
December 19, 1980	1980-12-19
October 16, 2021	2021-10-16
August 12, 2011	2011-08-12
Monday, February 11, 2030	2030-02-11
Friday the 25th of June, 2049	2049-06-25
23-Jul-1984	1984-07-23
6.5.2022	2022-05-06
July 26, 1978	1978-07-26
17-Apr-1951	1951-04-17
Saturday, September 18, 1982	1982-09-18
Mon 30 Jul 2029	2029-07-30
April 7, 2048	2048-04-07
24-Aug-2035	2035-08-24
03-Dec-2028	2028-12-03
01-Nov-2000	2000-11-01
September 17, 1962	1962-09-17
7.8.1995	1995-08-07
the 4th of June 2018	2018-06-04
20-Nov-2003	2003-11-20
the 14th of November 2031	2031-11-14
Monday, April 17, 2023	2023-04-17
JUNE 15 2022	2022-06-15
September 21, 1995	1995-09-21
NOVEMBER 15 1968	1968-11-15
07-Nov-1988	1988-11-07
MAY 12 2010	2010-05-12
FEBRUARY 18 2006	2006-02-18
8.8.2009	2009-08-08
24-Jul-1966	1966-07-24
December 18, 1952	1952-12-18
Sunday the 2nd of February, 1964	1964-02-02
11-Jun-2036	2036-06-11
the 8th of October 2031	2031-10-08
NOVEMBER 24 2049	2049-11-24
the 17th of June 2035	2035-06-17
Tuesday the 16th of September, 2014	2014-09-16
30.6.2018	2018-06-30
the 17th of October 1984	1984-10-17
2.5.1964	1964-05-02
Sunday the 4th of October, 2015	2015-10-04
Monday, April 18, 1960	1960-04-18
1968/10/30	1968-10-30
Friday, December 6, 1996	1996-12-06
AUGUST 8 2005	2005-08-08
Sun 6 Sep 2043	2043-09-06
the 14th of February 2021	2021-02-14
the 30th of August 1953	1953-08-30
Wednesday, March 17, 2021	2021-03-17
JUNE 5 1964	1964-06-05
2006/09/08	2006-09-08
2003/03/29	2003-03-29
Thu 18 Jul 2024	2024-07-18
Monday the 22nd of January, 2024	2024-01-22
05-Mar-2003	2003-03-05
April 14, 1981	1981-04-14
1956/01/26	1956-01-26
March 28, 2030	2030-03-28
August 2, 2005	2005-08-02
2.4.1959	1959-04-02
30 June 1982	1982-06-30
Sat 28 Jun 1986	1986-06-28
21 March 1965	1965-03-21
07-May-2049	2049-05-07
MARCH 22 2019	2019-03-22
the 15th of January 2028	2028-01-15
March 10, 1950	1950-03-10
Fri 22 Apr 2022	2022-04-22
October 23, 1967	1967-10-23
Sunday, March 4, 1990	1990-03-04
APRIL 16 2038	2038-04-16
20-Feb-1986	1986-02-20
the 9th of August 1964	1964-08-09
APRIL 1 2008	2008-04-01
OCTOBER 9 2025	2025-10-09
Sunday the 18th of March, 1973	1973-03-18
MAY 2 1971	1971-05-02
Fri 21 Jan 1977	1977-01-21
Tuesday the 30th of June, 1987	1987-06-30
Tuesday, September 1, 1953	1953-09-01
FEBRUARY 1 1998	1998-02-01
Thu 23 Jul 1959	1959-07-23
2007/08/25	2007-08-25
11.8.2011	2011-08-11
02-Aug-2013	2013-08-02
February 7, 1999	1999-02-07
June 30, 2039	2039-06-30
1.6.1965	1965-06-01
December 18, 2049	2049-12-18
Friday, July 7, 2023	2023-07-07
15 March 2039	2039-03-15
27 June 2042	2042-06-27
1968/02/15	1968-02-15
Thursday the 23rd of March, 2000	2000-03-23
APRIL 7 1981	1981-04-07
15-Apr-1977	1977-04-15
the 20th of December 2028	2028-12-20
1970/08/03	1970-08-03
September 10, 2047	2047-09-10
OCTOBER 7 1998	1998-10-07
the 24th of November 2003	2003-11-24
12 January 1976	1976-01-12
Wednesday the 7th of February, 1990	1990-02-07
February 8, 1978	1978-02-08
Tue 21 Nov 1967	1967-11-21
the 18th of May 2013	2013-05-18
Sunday the 13th of November, 2022	2022-11-13
21 December 2036	2036-12-21
14-Jul-1975	1975-07-14
05-Sep-1962	1962-09-05
December 14, 1962	1962-12-14
Friday the 6th of November, 2009	2009-11-06
the 15th of September 2035	2035-09-15
24 April 2031	2031-04-24
6 December 2035	2035-12-06
the 26th of November 2015	2015-11-26
October 23, 2033	2033-10-23
the 26th of May 1995	1995-05-26
Wednesday, January 14, 1959	1959-01-14
Wednesday, March 25, 1981	1981-03-25
24 August 1993	1993-08-24
NOVEMBER 26 2027	2027-11-26
Saturday, October 20, 1951	1951-10-20
the 14th of September 2036	2036-09-14
11-May-2016	2016-05-11
Tuesday the 26th of August, 1958	1958-08-26
the 19th of July 1979	1979-07-19
1985/09/13	1985-09-13
26-Aug-1981	1981-08-26
26 December 1967	1967-12-26
Wed 1 Oct 1969	1969-10-01
Sunday, July 22, 1951	1951-07-22
March 12, 1998	1998-03-12
Wednesday, September 20, 1972	1972-09-20
14.10.1974	1974-10-14
11.2.2047	2047-02-11
27.4.2025	2025-04-27
Monday the 3rd of February, 1992	1992-02-03
28-Jul-1979	1979-07-28
1971/03/03	1971-03-03
the 3rd of October 1999	1999-10-03
Tue 14 Sep 1971	1971-09-14
15 September 2048	2048-09-15
21 June 1975	1975-06-21
October 4, 1950	1950-10-04
the 1st of February 1968	1968-02-01
9 December 2040	2040-12-09
7 April 1970	1970-04-07
Thursday the 13th of December, 1962	1962-12-13
27.7.2026	2026-07-27
1999/02/19	1999-02-19
November 18, 2036	2036-11-18
1 July 2037	2037-07-01
March 26, 1966	1966-03-26
Wednesday, December 31, 1975	1975-12-31
AUGUST 11 2035	2035-08-11
APRIL 16 2042	2042-04-16
Friday, April 2, 1982	1982-04-02
the 2nd of March 2049	2049-03-02
Tuesday, September 21, 1993	1993-09-21
01-Jul-1975	1975-07-01
FEBRUARY 9 2007	2007-02-09
1965/05/15	1965-05-15
15.11.2005	2005-11-15
Wednesday, October 26, 2011	2011-10-26
the 23rd of November 2020	2020-11-23
the 2nd of December 2047	2047-12-02
May 18, 1951	1951-05-18
16.9.2032	2032-09-16
30 August 2028	2028-08-30
SEPTEMBER 24 2026	2026-09-24
16.2.2049	2049-02-16
April 4, 1952	1952-04-04
2008/09/05	2008-09-05
30.6.2001	2001-06-30
Friday the 12th of September, 1958	1958-09-12
Mon 25 Mar 1985	1985-03-25
13.9.1977	1977-09-13
2018/01/18	2018-01-18
19-Nov-2023	2023-11-19
Sun 11 Nov 2007	2007-11-11
6 July 2026	2026-07-06
13-Feb-1970	1970-02-13
Tue 4 Jun 2030	2030-06-04
March 24, 1995	1995-03-24
11 October 2040	2040-10-11
1983/08/06	1983-08-06
the 24th of August 1991	1991-08-24
DECEMBER 2 1963	1963-12-02
SEPTEMBER 26 2021	2021-09-26
1996/01/18	1996-01-18
26.5.2031	2031-05-26
1974/01/15	1974-01-15
Fri 15 Dec 1989	1989-12-15
the 10th of February 1967	1967-02-10
January 14, 1978	1978-01-14
29-Apr-2048	2048-04-29
OCTOBER 20 1974	1974-10-20
March 22, 1983	1983-03-22
Saturday, February 3, 2024	2024-02-03
Wednesday, September 23, 2009	2009-09-23
Sun 3 Mar 1957	1957-03-03
the 18th of November 1960	1960-11-18
26.10.2013	2013-10-26
12.3.1978	1978-03-12
Sun 7 Nov 1965	1965-11-07
Tue 25 Aug 2037	2037-08-25
Wed 25 May 1994	1994-05-25
February 26, 1969	1969-02-26
16-Jun-1969	1969-06-16
Friday the 22nd of July, 1966	1966-07-22
April 22, 1962	1962-04-22
21.8.2009	2009-08-21
17-Mar-1988	1988-03-17
18-Dec-1973	1973-12-18
Tue 15 May 2046	2046-05-15
May 1, 1973	1973-05-01
25 October 1971	1971-10-25
Wednesday, January 27, 2021	2021-01-27
30 September 2000	2000-09-30
Thu 24 Jun 1971	1971-06-24
Tuesday, March 24, 1953	1953-03-24
21.6.1989	1989-06-21
31-Jul-1996	1996-07-31
9 August 2018	2018-08-09
20-Mar-1950	1950-03-20
19-Jan-1964	1964-01-19
15.12.2017	2017-12-15
22.11.1989	1989-11-22
20 September 1969	1969-09-20
24.1.2008	2008-01-24
1986/11/13	1986-11-13
1967/06/29	1967-06-29
Sun 5 Jul 2015	2015-07-05
19 June 2031	2031-06-19
05-Apr-1964	1964-04-05
Tue 8 Jul 2025	2025-07-08
25-Dec-1992	1992-12-25
7 March 2016	2016-03-07
the 13th of March 2043	2043-03-13
2025/09/11	2025-09-11
18-Sep-2030	2030-09-18
August 22, 2009	2009-08-22
June 29, 2036	2036-06-29
9 April 2049	2049-04-09
Mon 2 Jan 2034	2034-01-02
AUGUST 22 1981	1981-08-22
Tuesday, June 14, 1994	1994-06-14
6.8.2004	2004-08-06
Tue 21 Jul 1987	1987-07-21
Sunday the 25th of January, 1998	1998-01-25
6 March 1964	1964-03-06
SEPTEMBER 22 1971	1971-09-22
24-Jan-2047	2047-01-24
Fri 26 Oct 1984	1984-10-26
MARCH 17 1995	1995-03-17
May 6, 1957	1957-05-06
the 6th of June 2027	2027-06-06
Sun 26 Nov 1995	1995-11-26
1956/06/02	1956-06-02
the 9th of June 2007	2007-06-09
Tue 16 Oct 2035	2035-10-16
Tue 8 Apr 2008	2008-04-08
March 14, 2010	2010-03-14
February 24, 2023	2023-02-24
27 January 1970	1970-01-27
DECEMBER 28 2049	2049-12-28
18.1.1967	1967-01-18
Tue 4 Mar 1975	1975-03-04
Fri 3 Apr 1987	1987-04-03
25-Nov-1957	1957-11-25
20 January 1961	1961-01-20
05-Jan-1964	1964-01-05
May 31, 1968	1968-05-31
Saturday, September 4, 1976	1976-09-04
Sun 20 Dec 1981	1981-12-20
the 9th of December 2045	2045-12-09
April 3, 1956	1956-04-03
2047/03/30	2047-03-30
6.2.2044	2044-02-06
JULY 16 1950	1950-07-16
2030/05/06	2030-05-06
25 March 1976	1976-03-25
the 19th of March 2016	2016-03-19
the 26th of May 2048	2048-05-26
5.9.2010	2010-09-05
Friday, February 10, 1967	1967-02-10
Saturday, November 6, 1954	1954-11-06
6 September 2039	2039-09-06
Tue 14 Oct 1952	1952-10-14
02-May-1987	1987-05-02
Monday, February 7, 1983	1983-02-07
Thu 23 Mar 1961	1961-03-23
the 22nd of November 2026	2026-11-22
19 September 1958	1958-09-19
Thursday the 16th of May, 2019	2019-05-16
1998/03/18	1998-03-18
31.3.2009	2009-03-31
JULY 20 1967	1967-07-20
Wednesday the 6th of December, 1995	1995-12-06
May 17, 1991	1991-05-17
November 12, 2033	2033-11-12
1991/12/09	1991-12-09
19.10.2013	2013-10-19
the 20th of October 1966	1966-10-20
14 October 1993	1993-10-14
Thursday, May 30, 2030	2030-05-30
Monday the 31st of May, 2010	2010-05-31
May 17, 1968	1968-05-17
1998/01/03	1998-01-03
Saturday, December 23, 1967	1967-12-23
Monday, March 12, 2046	2046-03-12
20-Nov-1983	1983-11-20
Sunday, November 20, 2033	2033-11-20
19-Oct-1952	1952-10-19
June 4, 1951	1951-06-04
Sunday the 22nd of October, 2028	2028-10-22
September 10, 2039	2039-09-10
18-Oct-1972	1972-10-18
29 June 2048	2048-06-29
January 24, 2032	2032-01-24
13-Aug-1950	1950-08-13
Saturday the 6th of May, 1995	1995-05-06
Tuesday the 11th of June, 2019	2019-06-11
05-May-2040	2040-05-05
Thu 26 Sep 1991	1991-09-26
2027/07/31	2027-07-31
Fri 9 Jun 1972	1972-06-09
November 20, 2030	2030-11-20
30 October 1963	1963-10-30
1 April 2006	2006-04-01
2034/05/27	2034-05-27
1984/08/19	1984-08-19
Fri 17 May 2030	2030-05-17
Sun 16 Feb 2031	2031-02-16
12.7.2039	2039-07-12
19.5.1960	1960-05-19
November 11, 1962	1962-11-11
30 October 2046	2046-10-30
Thursday the 28th of January, 2044	2044-01-28
AUGUST 22 2046	2046-08-22
Monday the 24th of August, 2043	2043-08-24
June 19, 2043	2043-06-19
30 November 2026	2026-11-30
13.2.2007	2007-02-13
Thursday the 1st of November, 1962	1962-11-01
October 10, 1991	1991-10-10
16.10.2025	2025-10-16
JULY 13 1961	1961-07-13
10.9.2041	2041-09-10
the 5th of August 1954	1954-08-05
Thu 23 Jul 1992	1992-07-23
25.8.2032	2032-08-25
January 15, 2025	2025-01-15
FEBRUARY 25 2018	2018-02-25
the 15th of April 2005	2005-04-15
Thu 3 Feb 1972	1972-02-03
21-Oct-1974	1974-10-21
26-Sep-1985	1985-09-26
July 10, 1990	1990-07-10
Thursday the 29th of September, 2005	2005-09-29
Saturday, January 29, 1972	1972-01-29
Saturday the 24th of March, 2007	2007-03-24
Tue 21 Oct 2014	2014-10-21
2.9.1997	1997-09-02
Sun 28 Oct 1962	1962-10-28
Sunday the 27th of April, 2031	2031-04-27
Tuesday the 24th of February, 2043	2043-02-24
28 March 2000	2000-03-28
the 3rd of July 2049	2049-07-03
2042/11/16	2042-11-16
14 December 2020	2020-12-14
17-Jun-2043	2043-06-17
18.11.1970	1970-11-18
2012/11/05	2012-11-05
11.4.2023	2023-04-11
14-Nov-1988	1988-11-14
Sunday the 10th of February, 1957	1957-02-10
7 September 2043	2043-09-07
7.8.1959	1959-08-07
Sun 10 Feb 2019	2019-02-10
06-May-1963	1963-05-06
Wednesday, December 15, 2038	2038-12-15
24-Jun-2038	2038-06-24
the 18th of February 2042	2042-02-18
OCTOBER 20 1965	1965-10-20
JANUARY 11 2039	2039-01-11
1951/12/26	1951-12-26
22-Jan-1965	1965-01-22
the 5th of April 1953	1953-04-05
13-Jun-1956	1956-06-13
12.1.1984	1984-01-12
Wednesday, September 18, 2041	2041-09-18
Thursday the 5th of November, 2009	2009-11-05
5 January 1990	1990-01-05
17-Jan-1967	1967-01-17
Sun 3 May 2037	2037-05-03
Thu 19 Apr 1951	1951-04-19
DECEMBER 16 1988	1988-12-16
Tuesday the 25th of November, 1980	1980-11-25
Monday the 26th of September, 2033	2033-09-26
December 24, 2012	2012-12-24
March 23, 1999	1999-03-23
November 21, 1991	1991-11-21
14.5.2003	2003-05-14
Monday, April 1, 2013	2013-04-01
Friday the 24th of May, 2002	2002-05-24
the 9th of December 2041	2041-12-09
18-Feb-1959	1959-02-18
JUNE 21 2046	2046-06-21
27-Nov-1952	1952-11-27
the 22nd of August 2045	2045-08-22
July 26, 2036	2036-07-26
the 28th of July 1972	1972-07-28
August 21, 1972	1972-08-21
Wednesday, September 9, 1964	1964-09-09
Saturday the 5th of January, 1985	1985-01-05
Fri 29 Jan 1960	1960-01-29
Wed 3 Sep 1969	1969-09-03
the 11th of March 2009	2009-03-11
Wed 3 May 1950	1950-05-03
the 18th of May 2009	2009-05-18
22 June 1977	1977-06-22
Tue 30 Nov 1971	1971-11-30
2018/01/19	2018-01-19
24-Jun-1996	1996-06-24
MAY 2 2000	2000-05-02
22-May-1986	1986-05-22
13.5.2000	2000-05-13
Wednesday the 22nd of December, 1976	1976-12-22
4 January 1954	1954-01-04
the 13th of October 1982	1982-10-13
the 27th of April 1980	1980-04-27
July 16, 2023	2023-07-16
2034/11/01	2034-11-01
Friday, January 26, 1962	1962-01-26
MARCH 13 1980	1980-03-13
AUGUST 23 1973	1973-08-23
02-May-1994	1994-05-02
the 5th of March 2047	2047-03-05
2003/04/09	2003-04-09
Monday, July 20, 2020	2020-07-20
Saturday the 1st of September, 2035	2035-09-01
Monday the 8th of July, 1957	1957-07-08
AUGUST 14 2028	2028-08-14
DECEMBER 22 1985	1985-12-22
Friday the 10th of November, 1961	1961-11-10
MARCH 7 2005	2005-03-07
November 3, 1982	1982-11-03
7.4.2006	2006-04-07
Mon 12 Nov 2012	2012-11-12
December 5, 2025	2025-12-05
the 31st of October 2000	2000-10-31
Mon 5 Nov 1956	1956-11-05
Mon 7 Apr 1986	1986-04-07
Saturday the 20th of October, 2029	2029-10-20
SEPTEMBER 1 2005	2005-09-01
AUGUST 30 1983	1983-08-30
Tue 8 Dec 2026	2026-12-08
Tue 8 Jan 1974	1974-01-08
2028/06/14	2028-06-14
June 16, 2048	2048-06-16
Sun 2 May 2049	2049-05-02
April 1, 2045	2045-04-01
Thursday, July 9, 1964	1964-07-09
APRIL 18 1977	1977-04-18
the 11th of February 2028	2028-02-11
the 26th of December 1956	1956-12-26
December 5, 1962	1962-12-05
Saturday the 17th of March, 2012	2012-03-17
19 November 2007	2007-11-19
the 11th of January 2014	2014-01-11
Thursday, December 15, 1960	1960-12-15
Monday the 11th of December, 2028	2028-12-11
31 May 2002	2002-05-31
September 10, 2048	2048-09-10
13 April 1983	1983-04-13
FEBRUARY 16 2004	2004-02-16
7 May 2025	2025-05-07
MAY 24 2022	2022-05-24
Sunday, June 20, 1993	1993-06-20
21.3.2006	2006-03-21
the 25th of April 1980	1980-04-25
1.2.2046	2046-02-01
02-Apr-2044	2044-04-02
19 June 2002	2002-06-19
the 15th of March 1957	1957-03-15
the 13th of March 2041	2041-03-13
25-Oct-2020	2020-10-25
April 4, 1986	1986-04-04
the 2nd of December 1986	1986-12-02
June 8, 1995	1995-06-08
FEBRUARY 12 1963	1963-02-12
MAY 6 2020	2020-05-06
17.8.2025	2025-08-17
the 20th of January 2014	2014-01-20
June 27, 2041	2041-06-27
Thursday the 17th of May, 1984	1984-05-17
21-Dec-2002	2002-12-21
Wed 12 Jun 1963	1963-06-12
Mon 7 Aug 2006	2006-08-07
Sat 30 May 1987	1987-05-30
August 15, 2028	2028-08-15
27.7.1960	1960-07-27
13-Dec-1986	1986-12-13
10 June 1989	1989-06-10
14.11.1967	1967-11-14
Mon 24 Apr 1972	1972-04-24
1981/07/10	1981-07-10
the 3rd of May 1981	1981-05-03
Friday the 8th of December, 2006	2006-12-08
Sun 12 Feb 1989	1989-02-12
2030/10/04	2030-10-04
the 23rd of June 2031	2031-06-23
the 5th of July 2018	2018-07-05
JUNE 7 2010	2010-06-07
24 June 1963	1963-06-24
18 December 1987	1987-12-18
Fri 16 Oct 1987	1987-10-16
02-Dec-1993	1993-12-02
July 2, 1971	1971-07-02
11.4.1987	1987-04-11
Monday, November 22, 2027	2027-11-22
Wed 30 Oct 2047	2047-10-30
MARCH 12 1963	1963-03-12
05-Sep-2002	2002-09-05
Friday, June 12, 2015	2015-06-12
Tuesday the 12th of April, 2016	2016-04-12
29.9.1961	1961-09-29
MARCH 23 1983	1983-03-23
Friday, October 25, 1968	1968-10-25
22 February 1963	1963-02-22
Friday the 11th of February, 1955	1955-02-11
the 23rd of May 1955	1955-05-23
14.7.1994	1994-07-14
the 12th of January 2018	2018-01-12
Sunday, October 16, 1966	1966-10-16
December 1, 2020	2020-12-01
Tuesday, September 9, 1952	1952-09-09
FEBRUARY 18 1969	1969-02-18
Wed 27 Feb 1952	1952-02-27
2043/10/07	2043-10-07
Wed 9 Apr 2031	2031-04-09
Friday, October 25, 2024	2024-10-25
Fri 15 Feb 2013	2013-02-15
May 17, 2009	2009-05-17
the 27th of February 1968	1968-02-27
MAY 23 2044	2044-05-23
JANUARY 2 1991	1991-01-02
26 June 2018	2018-06-26
Fri 9 Mar 2001	2001-03-09
March 31, 2022	2022-03-31
24.11.1985	1985-11-24
Sunday the 12th of March, 2023	2023-03-12
Mon 29 Oct 1962	1962-10-29
25-Mar-2046	2046-03-25
21.2.2011	2011-02-21
31 March 1993	1993-03-31
OCTOBER 21 2037	2037-10-21
Monday, May 20, 2013	2013-05-20
21 June 1954	1954-06-21
22-Feb-2043	2043-02-22
Tuesday the 16th of April, 1991	1991-04-16
JUNE 17 2027	2027-06-17
19 June 1952	1952-06-19
the 29th of August 2016	2016-08-29
1980/04/06	1980-04-06
19.11.1987	1987-11-19
17.11.1959	1959-11-17
the 19th of December 2013	2013-12-19
Tuesday the 20th of June, 2028	2028-06-20
JUNE 9 2010	2010-06-09
March 3, 1992	1992-03-03
11.8.2000	2000-08-11
September 11, 1989	1989-09-11
NOVEMBER 2 1967	1967-11-02
2041/04/11	2041-04-11
2043/01/06	2043-01-06
29.11.2020	2020-11-29
the 11th of June 1997	1997-06-11
Tuesday the 17th of March, 2048	2048-03-17
1985/02/16	1985-02-16
September 7, 1999	1999-09-07
April 1, 2035	2035-04-01
31.1.1973	1973-01-31
DECEMBER 16 1991	1991-12-16
August 1, 2008	2008-08-01
DECEMBER 25 2043	2043-12-25
4.1.2017	2017-01-04
10.3.2007	2007-03-10
21.1.2012	2012-01-21
17-Feb-1960	1960-02-17
1985/08/04	1985-08-04
1996/03/13	1996-03-13
the 28th of April 1997	1997-04-28
26-Nov-1972	1972-11-26
1973/02/02	1973-02-02
MAY 24 2020	2020-05-24
the 23rd of August 2017	2017-08-23
Thursday the 12th of December, 1968	1968-12-12
Friday the 13th of April, 2018	2018-04-13
the 26th of October 1985	1985-10-26
Saturday, August 21, 2027	2027-08-21
the 2nd of December 1959	1959-12-02
23-Dec-1981	1981-12-23
11 October 2035	2035-10-11
Thursday the 23rd of March, 1961	1961-03-23
JUNE 22 1975	1975-06-22
the 28th of October 2029	2029-10-28
Monday, March 7, 2005	2005-03-07
2049/03/14	2049-03-14
Saturday the 24th of July, 1993	1993-07-24
the 26th of September 1976	1976-09-26
the 21st of January 2039	2039-01-21
14-Apr-1995	1995-04-14
JUNE 30 2007	2007-06-30
SEPTEMBER 12 2049	2049-09-12
14 June 2037	2037-06-14
1976/01/12	1976-01-12
16 August 2026	2026-08-16
FEBRUARY 25 1963	1963-02-25
AUGUST 26 1951	1951-08-26
November 25, 1955	1955-11-25
Friday the 27th of February, 2026	2026-02-27
Saturday, August 7, 1982	1982-08-07
16.5.1967	1967-05-16
Monday, May 1, 2017	2017-05-01
8.2.2028	2028-02-08
Monday, November 21, 1988	1988-11-21
MAY 10 1958	1958-05-10
05-Jun-1995	1995-06-05
the 8th of October 1967	1967-10-08
Saturday, September 14, 1991	1991-09-14
28-Nov-1971	1971-11-28
May 29, 1984	1984-05-29
October 1, 1993	1993-10-01
JULY 26 1988	1988-07-26
Monday, November 27, 1978	1978-11-27
the 2nd of August 2001	2001-08-02
29 July 2020	2020-07-29
June 25, 1970	1970-06-25
Sun 26 Mar 2023	2023-03-26
SEPTEMBER 4 2022	2022-09-04
20.3.1963	1963-03-20
Tuesday the 26th of June, 2001	2001-06-26
November 27, 1973	1973-11-27
2025/07/20	2025-07-20
March 2, 1973	1973-03-02
the 14th of July 1970	1970-07-14
16-Apr-1989	1989-04-16
JUNE 6 1975	1975-06-06
29.3.2015	2015-03-29
Saturday, October 18, 2031	2031-10-18
1982/09/12	1982-09-12
the 19th of September 1970	1970-09-19
Tue 15 Aug 1989	1989-08-15
Sunday the 20th of July, 2008	2008-07-20
the 19th of May 2000	2000-05-19
the 1st of September 1995	1995-09-01
5 November 2011	2011-11-05
March 15, 1987	1987-03-15
01-Aug-2033	2033-08-01
Wed 17 May 2006	2006-05-17
the 19th of April 2017	2017-04-19
21.10.2034	2034-10-21
2 June 2012	2012-06-02
Saturday the 9th of October, 1954	1954-10-09
21 December 1976	1976-12-21
6.6.1989	1989-06-06
22-Dec-1993	1993-12-22
AUGUST 3 1997	1997-08-03
Sunday, December 2, 1990	1990-12-02
06-Feb-2033	2033-02-06
October 26, 2029	2029-10-26
22-Aug-2026	2026-08-22
Monday, December 17, 2007	2007-12-17
1958/09/07	1958-09-07
22 February 2043	2043-02-22
Wed 29 Aug 1973	1973-08-29
2008/07/26	2008-07-26
Thursday the 17th of December, 2043	2043-12-17
28 August 1976	1976-08-28
26.11.1976	1976-11-26
Sunday, January 25, 2043	2043-01-25
Fri 22 Nov 2047	2047-11-22
Monday, August 7, 1972	1972-08-07
30 March 1995	1995-03-30
19.5.2049	2049-05-19
MAY 20 2041	2041-05-20
MAY 28 2009	2009-05-28
the 10th of March 2011	2011-03-10
1981/01/10	1981-01-10
Monday, December 14, 1987	1987-12-14
July 2, 1974	1974-07-02
Sat 31 Oct 1970	1970-10-31
Wednesday, January 28, 1970	1970-01-28
Mon 9 Jun 1975	1975-06-09
Wed 18 May 2044	2044-05-18
Sunday, November 12, 1978	1978-11-12
Friday, May 30, 2036	2036-05-30
MARCH 3 1950	1950-03-03
JANUARY 10 1961	1961-01-10
1970/02/11	1970-02-11
the 21st of November 2013	2013-11-21
Monday, January 29, 2035	2035-01-29
17 December 1976	1976-12-17
25-Jan-1965	1965-01-25
Friday the 17th of September, 2027	2027-09-17
4 December 1971	1971-12-04
Sunday, August 11, 2002	2002-08-11
May 27, 1978	1978-05-27
the 18th of February 1967	1967-02-18
Thu 7 May 1981	1981-05-07
Wednesday the 30th of April, 2031	2031-04-30
31.1.2040	2040-01-31
the 28th of November 2029	2029-11-28
Friday, October 30, 2020	2020-10-30
1959/04/25	1959-04-25
AUGUST 1 1995	1995-08-01
12.6.1966	1966-06-12
Sunday, July 30, 1950	1950-07-30
Sunday, June 13, 2021	2021-06-13
Friday, March 15, 2019	2019-03-15
Monday, October 19, 1964	1964-10-19
Wednesday the 12th of August, 1964	1964-08-12
Friday the 26th of March, 2010	2010-03-26
Fri 13 Jul 2035	2035-07-13
2038/09/13	2038-09-13
25 April 2026	2026-04-25
29 June 1950	1950-06-29
10 November 1980	1980-11-10
02-Jan-2009	2009-01-02
Wednesday, May 4, 2022	2022-05-04
Fri 26 Jul 2002	2002-07-26
Friday the 2nd of February, 1951	1951-02-02
Wednesday the 12th of February, 2020	2020-02-12
04-Nov-1958	1958-11-04
Thursday the 7th of April, 2044	2044-04-07
November 26, 2045	2045-11-26
17.4.1997	1997-04-17
1978/01/08	1978-01-08
Wednesday the 13th of May, 1964	1964-05-13
the 4th of January 1974	1974-01-04
22 August 1993	1993-08-22
31 October 1960	1960-10-31
OCTOBER 8 2033	2033-10-08
NOVEMBER 17 2012	2012-11-17
5.8.2000	2000-08-05
Mon 21 Jul 1975	1975-07-21
June 6, 2032	2032-06-06
Saturday the 11th of April, 1998	1998-04-11
Sat 6 Feb 1988	1988-02-06
29-Apr-1992	1992-04-29
1994/07/10	1994-07-10
AUGUST 14 2049	2049-08-14
1979/10/15	1979-10-15
1.7.2005	2005-07-01
10-Jul-2003	2003-07-10
the 25th of September 2011	2011-09-25
Thursday, June 20, 2047	2047-06-20
10 March 2020	2020-03-10
December 27, 1960	1960-12-27
25 February 1981	1981-02-25
Sun 18 Mar 2012	2012-03-18
25-Sep-1969	1969-09-25
Sat 20 Dec 1975	1975-12-20
APRIL 4 1982	1982-04-04
Tue 14 Jun 1955	1955-06-14
Wednesday the 20th of February, 2036	2036-02-20
Tuesday the 10th of June, 2014	2014-06-10
the 12th of August 1966	1966-08-12
October 10, 2045	2045-10-10
Friday the 14th of June, 2013	2013-06-14
the 23rd of July 2037	2037-07-23
OCTOBER 11 2022	2022-10-11
29 November 2018	2018-11-29
the 23rd of October 2042	2042-10-23
the 15th of May 1950	1950-05-15
Sun 22 Feb 2026	2026-02-22
13-Apr-1994	1994-04-13
Wed 31 May 2006	2006-05-31
25.6.1996	1996-06-25
Sunday, January 10, 2038	2038-01-10
03-Mar-2002	2002-03-03
Thu 9 Jan 2031	2031-01-09
Wednesday the 20th of January, 2027	2027-01-20
MARCH 8 2049	2049-03-08
September 6, 2000	2000-09-06
March 31, 1996	1996-03-31
JANUARY 5 1951	1951-01-05
11-Sep-1992	1992-09-11
Wednesday the 19th of June, 2019	2019-06-19
29-Apr-2007	2007-04-29
30 November 1987	1987-11-30
January 26, 1998	1998-01-26
Sat 24 Oct 2015	2015-10-24
1980/05/18	1980-05-18
24 September 1962	1962-09-24
7 June 2021	2021-06-07
Mon 25 Jan 2038	2038-01-25
February 16, 1988	1988-02-16
20 June 1968	1968-06-20
Saturday the 6th of March, 1976	1976-03-06
Saturday the 3rd of October, 1987	1987-10-03
the 31st of December 2025	2025-12-31
9 December 2048	2048-12-09
DECEMBER 28 2045	2045-12-28
Friday the 10th of October, 1980	1980-10-10
Wednesday, June 25, 1952	1952-06-25
the 18th of September 2016	2016-09-18
2020/08/05	2020-08-05
Monday, November 6, 1950	1950-11-06
09-Sep-2034	2034-09-09
the 8th of July 2007	2007-07-08
Tuesday the 15th of October, 2024	2024-10-15
19.2.1960	1960-02-19
the 4th of May 2009	2009-05-04
Tuesday the 6th of February, 1968	1968-02-06
JUNE 4 2033	2033-06-04
April 26, 1979	1979-04-26
the 24th of March 1960	1960-03-24
05-Apr-2045	2045-04-05
Tue 22 Mar 1960	1960-03-22
24 June 1986	1986-06-24
6.8.2039	2039-08-06
APRIL 15 2032	2032-04-15
Sat 16 May 1992	1992-05-16
the 26th of August 1981	1981-08-26
Fri 6 May 1977	1977-05-06
26-Nov-1979	1979-11-26
JUNE 29 1985	1985-06-29
Tue 21 Dec 1982	1982-12-21
1995/01/29	1995-01-29
the 3rd of December 2042	2042-12-03
09-Apr-1984	1984-04-09
15-Dec-2032	2032-12-15
Thursday the 11th of April, 2019	2019-04-11
2045/11/11	2045-11-11
April 14, 2028	2028-04-14
Sat 7 Feb 2043	2043-02-07
4.11.2035	2035-11-04
Fri 10 Aug 2018	2018-08-10
6.10.2038	2038-10-06
APRIL 4 1953	1953-04-04
30.6.1965	1965-06-30
30.6.1961	1961-06-30
Fri 3 Sep 2049	2049-09-03
10.12.2012	2012-12-10
October 15, 2043	2043-10-15
Friday the 8th of August, 2025	2025-08-08
DECEMBER 15 1971	1971-12-15
19.6.2014	2014-06-19
06-Aug-2048	2048-08-06
JUNE 7 1994	1994-06-07
1968/11/10	1968-11-10
24.10.1986	1986-10-24
2019/06/10	2019-06-10
the 22nd of May 2008	2008-05-22
Tuesday the 4th of February, 2014	2014-02-04
the 29th of April 1968	1968-04-29
Sunday, October 7, 1956	1956-10-07
1992/04/14	1992-04-14
05-May-2031	2031-05-05
OCTOBER 11 1957	1957-10-11
19 November 1959	1959-11-19
13-Oct-1956	1956-10-13
20-Jun-1959	1959-06-20
2047/11/01	2047-11-01
Sunday, March 11, 1973	1973-03-11
JANUARY 2 2032	2032-01-02
28-Nov-1975	1975-11-28
2025/11/01	2025-11-01
FEBRUARY 2 2034	2034-02-02
3 April 2046	2046-04-03
26-Nov-2009	2009-11-26
2012/09/16	2012-09-16
JULY 12 1983	1983-07-12
27 July 1963	1963-07-27
1992/01/10	1992-01-10
11.9.1978	1978-09-11
Sat 13 Feb 1960	1960-02-13
1 December 2012	2012-12-01
Sunday, December 27, 1987	1987-12-27
April 23, 2002	2002-04-23
Fri 6 Feb 1998	1998-02-06
November 9, 1993	1993-11-09
4.5.1972	1972-05-04
15-Mar-2008	2008-03-15
1 January 2000	2000-01-01
12.7.1960	1960-07-12
18-Oct-2002	2002-10-18
DECEMBER 4 1957	1957-12-04
Wednesday, August 28, 2019	2019-08-28
May 21, 1955	1955-05-21
Thu 16 Oct 1969	1969-10-16
7 January 1964	1964-01-07
March 5, 1954	1954-03-05
Friday the 24th of January, 1997	1997-01-24
MARCH 4 1998	1998-03-04
Tue 20 Dec 1955	1955-12-20
MARCH 15 2003	2003-03-15
Tue 12 Mar 1957	1957-03-12
Sat 26 Apr 1969	1969-04-26
FEBRUARY 11 2030	2030-02-11
Saturday the 16th of April, 1960	1960-04-16
Wednesday, June 17, 1998	1998-06-17
2030/07/16	2030-07-16
29-Jan-1961	1961-01-29
2049/06/08	2049-06-08
25-Jan-2012	2012-01-25
September 10, 1966	1966-09-10
Sun 3 Feb 2030	2030-02-03
Saturday, May 1, 1976	1976-05-01
Tuesday, December 8, 1998	1998-12-08
Thu 30 Dec 1999	1999-12-30
Saturday the 23rd of June, 1951	1951-06-23
04-Oct-2028	2028-10-04
26 February 2046	2046-02-26
17-Feb-1980	1980-02-17
17-Apr-2014	2014-04-17
FEBRUARY 9 1996	1996-02-09
26-Dec-2010	2010-12-26
Friday the 12th of April, 2030	2030-04-12
Friday, October 3, 2025	2025-10-03
the 31st of July 1962	1962-07-31
14 January 2019	2019-01-14
Sat 14 Feb 2009	2009-02-14
Wed 8 Feb 1984	1984-02-08
2024/07/18	2024-07-18
MAY 28 2023	2023-05-28
2036/05/01	2036-05-01
APRIL 13 2041	2041-04-13
Friday the 17th of September, 2032	2032-09-17
Thursday, December 25, 2031	2031-12-25
2018/08/29	2018-08-29
MAY 23 1987	1987-05-23
Friday the 7th of December, 2035	2035-12-07
13 July 2027	2027-07-13
September 25, 2026	2026-09-25
09-Apr-2034	2034-04-09
July 9, 2047	2047-07-09
Fri 13 Apr 2035	2035-04-13
June 17, 2025	2025-06-17
11.4.2045	2045-04-11
12.12.2030	2030-12-12
MARCH 4 2031	2031-03-04
Wed 20 Sep 1961	1961-09-20
Sunday the 24th of April, 1977	1977-04-24
Saturday the 10th of October, 2009	2009-10-10
Fri 12 Nov 2010	2010-11-12
01-Feb-1971	1971-02-01
MAY 8 2017	2017-05-08
1959/01/26	1959-01-26
Thu 30 Jan 1964	1964-01-30
Thu 10 Nov 2033	2033-11-10
Mon 18 Aug 2025	2025-08-18
6.4.1979	1979-04-06
the 12th of June 2027	2027-06-12
7 July 1970	1970-07-07
Sat 2 Jul 2022	2022-07-02
Wednesday, August 27, 2042	2042-08-27
06-Sep-1964	1964-09-06
MAY 17 1952	1952-05-17
JULY 13 2004	2004-07-13
11.10.1974	1974-10-11
2047/12/26	2047-12-26
1983/03/27	1983-03-27
20-Mar-2018	2018-03-20
24.2.2010	2010-02-24
Tuesday the 20th of October, 2009	2009-10-20
MARCH 12 2008	2008-03-12
Saturday the 5th of October, 1968	1968-10-05
23 June 2024	2024-06-23
Monday the 31st of July, 1967	1967-07-31
1950/01/10	1950-01-10
Friday the 21st of May, 2038	2038-05-21
Fri 24 Feb 2045	2045-02-24
27 July 1964	1964-07-27
1 December 1960	1960-12-01
2.9.1950	1950-09-02
October 22, 2039	2039-10-22
30 October 2044	2044-10-30
21-Feb-1993	1993-02-21
30 October 1991	1991-10-30
Tue 12 May 1959	1959-05-12
Friday, November 18, 2011	2011-11-18
01-Jan-2008	2008-01-01
March 2, 1961	1961-03-02
22 March 2002	2002-03-22
Wednesday the 17th of October, 2046	2046-10-17
Sun 14 Sep 1975	1975-09-14
the 20th of January 1950	1950-01-20
Saturday the 23rd of November, 2019	2019-11-23
Sunday, April 13, 2014	2014-04-13
July 27, 2000	2000-07-27
Wed 16 Sep 1964	1964-09-16
Wed 10 May 2000	2000-05-10
1994/02/20	1994-02-20
OCTOBER 28 1983	1983-10-28
26 June 1972	1972-06-26
June 1, 2002	2002-06-01
Thursday, September 3, 1992	1992-09-03
FEBRUARY 21 2032	2032-02-21
8 September 2049	2049-09-08
Tue 5 Sep 1989	1989-09-05
JUNE 19 2032	2032-06-19
Tuesday the 13th of June, 1961	1961-06-13
Sun 2 Jan 1994	1994-01-02
2010/03/17	2010-03-17
the 27th of September 1965	1965-09-27
Friday, December 29, 2034	2034-12-29
Fri 7 Jul 2017	2017-07-07
Sun 13 May 1962	1962-05-13
September 1, 1964	1964-09-01
11.10.2040	2040-10-11
Tue 22 Nov 2016	2016-11-22
SEPTEMBER 5 1966	1966-09-05
July 28, 2047	2047-07-28
July 4, 1952	1952-07-04
DECEMBER 27 2032	2032-12-27
1976/01/06	1976-01-06
26.3.2003	2003-03-26
Sunday, May 4, 2031	2031-05-04
July 25, 2002	2002-07-25
June 11, 2018	2018-06-11
1975/05/17	1975-05-17
Monday the 8th of August, 1994	1994-08-08
August 16, 1996	1996-08-16
Tuesday, July 5, 1983	1983-07-05
the 1st of May 1953	1953-05-01
2045/10/13	2045-10-13
05-Jul-1967	1967-07-05
1969/05/12	1969-05-12
Saturday the 4th of June, 2022	2022-06-04
2045/01/30	2045-01-30
the 29th of October 2037	2037-10-29
2028/11/15	2028-11-15
Monday, December 16, 2030	2030-12-16
05-Dec-1983	1983-12-05
2024/10/08	2024-10-08
Tuesday, May 26, 1992	1992-05-26
OCTOBER 27 1979	1979-10-27
01-Jan-2003	2003-01-01
Monday, October 16, 2045	2045-10-16
the 17th of December 2031	2031-12-17
the 4th of December 2022	2022-12-04
Thu 31 Jul 2025	2025-07-31
26.11.1987	1987-11-26
Thursday, September 8, 2016	2016-09-08
Friday, January 24, 1958	1958-01-24
December 20, 2007	2007-12-20
the 29th of October 1976	1976-10-29
09-Jun-2014	2014-06-09
17 April 1992	1992-04-17
June 15, 2000	2000-06-15
the 31st of January 1962	1962-01-31
29-Aug-2046	2046-08-29
21-Nov-2006	2006-11-21
February 26, 2032	2032-02-26
Monday, January 31, 1994	1994-01-31
the 21st of December 1963	1963-12-21
Thursday the 11th of August, 2011	2011-08-11
Friday the 31st of March, 2034	2034-03-31
February 26, 2022	2022-02-26
September 22, 1990	1990-09-22
Sunday the 17th of January, 2027	2027-01-17
JANUARY 9 1983	1983-01-09
19 July 1996	1996-07-19
Friday the 25th of November, 2033	2033-11-25
Wednesday, August 30, 1972	1972-08-30
July 11, 1956	1956-07-11
6.7.1972	1972-07-06
15.8.2033	2033-08-15
25.11.1987	1987-11-25
the 8th of June 2003	2003-06-08
Tuesday the 21st of August, 1951	1951-08-21
27-Jul-1997	1997-07-27
2026/08/27	2026-08-27
the 20th of August 1950	1950-08-20
April 19, 2027	2027-04-19
29-Nov-2016	2016-11-29
Sunday the 23rd of June, 1957	1957-06-23
JANUARY 11 2032	2032-01-11
Sunday, January 15, 1984	1984-01-15
Saturday, July 6, 2019	2019-07-06
FEBRUARY 26 2032	2032-02-26
23-Oct-1951	1951-10-23
11 September 1962	1962-09-11
May 26, 2037	2037-05-26
APRIL 13 2006	2006-04-13
27-Jan-1981	1981-01-27
Mon 4 Jul 2033	2033-07-04
27.8.2011	2011-08-27
Sun 29 May 1977	1977-05-29
14 October 1998	1998-10-14
12-Nov-2042	2042-11-12
AUGUST 27 2016	2016-08-27
15-Jun-2026	2026-06-15
Wednesday the 19th of February, 1969	1969-02-19
Saturday, October 28, 2028	2028-10-28
13 May 2004	2004-05-13
Sun 2 Mar 1952	1952-03-02
19 October 2006	2006-10-19
1963/10/29	1963-10-29
Monday, June 14, 2032	2032-06-14
Tuesday, July 11, 1995	1995-07-11
MARCH 20 1995	1995-03-20
Saturday the 5th of August, 2017	2017-08-05
17-Aug-2032	2032-08-17
Thursday the 12th of September, 1996	1996-09-12
Thursday, June 8, 2028	2028-06-08
Monday, December 10, 1984	1984-12-10
Wed 20 Mar 1968	1968-03-20
Saturday, September 19, 2015	2015-09-19
January 2, 1998	1998-01-02
Saturday, December 23, 2017	2017-12-23
Friday the 21st of December, 1979	1979-12-21
1954/09/15	1954-09-15
1988/02/17	1988-02-17
10.1.1985	1985-01-10
April 15, 2022	2022-04-15
Wednesday, September 4, 1996	1996-09-04
2036/02/01	2036-02-01
May 30, 2023	2023-05-30
OCTOBER 26 1984	1984-10-26
July 31, 1960	1960-07-31
July 22, 1962	1962-07-22
Sunday the 8th of April, 2018	2018-04-08
APRIL 17 2014	2014-04-17
17-Oct-2038	2038-10-17
Tue 23 Jul 2019	2019-07-23
MARCH 1 2033	2033-03-01
2024/12/31	2024-12-31
the 27th of December 2002	2002-12-27
02-Oct-1982	1982-10-02
Monday, November 21, 2022	2022-11-21
October 8, 2047	2047-10-08
Tuesday the 24th of June, 1969	1969-06-24
22.7.1981	1981-07-22
the 10th of January 2002	2002-01-10
7.3.2021	2021-03-07
15.2.2003	2003-02-15
Saturday the 4th of May, 2041	2041-05-04
Saturday, November 12, 2033	2033-11-12
Wednesday the 23rd of May, 2035	2035-05-23
May 27, 1993	1993-05-27
Fri 30 Nov 1951	1951-11-30
26.3.1990	1990-03-26
23.6.2013	2013-06-23
12-Jul-1973	1973-07-12
Wednesday the 9th of March, 2005	2005-03-09
the 1st of June 1960	1960-06-01
09-Jan-2040	2040-01-09
FEBRUARY 18 2048	2048-02-18
Saturday, December 13, 2014	2014-12-13
Fri 29 Jan 1971	1971-01-29
Saturday the 15th of July, 1972	1972-07-15
28 September 2040	2040-09-28
1984/09/18	1984-09-18
27 January 1972	1972-01-27
14.9.2023	2023-09-14
3 March 2015	2015-03-03
Saturday the 4th of January, 2025	2025-01-04
Sat 12 Jun 1993	1993-06-12
November 12, 1995	1995-11-12
Friday the 14th of September, 1984	1984-09-14
the 11th of December 1982	1982-12-11
2027/07/02	2027-07-02
November 8, 1982	1982-11-08
22-Feb-1988	1988-02-22
January 6, 2028	2028-01-06
8 July 1966	1966-07-08
22-Apr-1952	1952-04-22
Thu 11 Mar 1993	1993-03-11
Sat 19 May 2029	2029-05-19
Tuesday, December 14, 2027	2027-12-14
23.12.1969	1969-12-23
MAY 1 1959	1959-05-01
the 4th of January 1967	1967-01-04
Sat 4 Jul 1987	1987-07-04
the 14th of June 2023	2023-06-14
16 February 2003	2003-02-16
2013/08/02	2013-08-02
11 July 1993	1993-07-11
3 October 1995	1995-10-03
Sunday the 26th of October, 1975	1975-10-26
28.1.1960	1960-01-28
Wednesday the 29th of June, 1983	1983-06-29
31-May-1953	1953-05-31
Tue 31 Jul 1979	1979-07-31
Monday the 3rd of August, 1998	1998-08-03
22-May-2041	2041-05-22
DECEMBER 29 2036	2036-12-29
Saturday, August 17, 2024	2024-08-17
Wednesday the 26th of July, 1967	1967-07-26
the 4th of September 2001	2001-09-04
Monday the 17th of October, 2016	2016-10-17
Wed 8 Feb 2045	2045-02-08
August 21, 2027	2027-08-21
January 10, 1965	1965-01-10
Wednesday the 26th of August, 2020	2020-08-26
Thursday, September 1, 1960	1960-09-01
the 5th of June 2031	2031-06-05
November 6, 1982	1982-11-06
24 March 1985	1985-03-24
September 16, 1957	1957-09-16
Monday the 14th of November, 2005	2005-11-14
JUNE 3 2048	2048-06-03
1979/08/14	1979-08-14
9 February 2012	2012-02-09
SEPTEMBER 30 2031	2031-09-30
Thu 8 Aug 2030	2030-08-08
Saturday, December 5, 1981	1981-12-05
1966/03/08	1966-03-08
Monday the 8th of May, 1950	1950-05-08
1996/10/19	1996-10-19
the 29th of July 1982	1982-07-29
December 31, 2017	2017-12-31
Friday, March 2, 2012	2012-03-02
1969/04/05	1969-04-05
2.11.1965	1965-11-02
15 May 1979	1979-05-15
September 22, 2034	2034-09-22
July 29, 1972	1972-07-29
22 June 1992	1992-06-22
3.9.1953	1953-09-03
the 21st of January 2009	2009-01-21
Sunday, May 8, 1988	1988-05-08
the 1st of February 1983	1983-02-01
Sun 27 Mar 2039	2039-03-27
the 13th of June 1992	1992-06-13
2028/11/24	2028-11-24
6 May 1960	1960-05-06
Wed 24 Jun 1981	1981-06-24
Tue 6 Jan 1998	1998-01-06
2032/01/24	2032-01-24
2038/02/15	2038-02-15
23-Jul-2022	2022-07-23
Thursday the 20th of October, 1960	1960-10-20
27 January 2038	2038-01-27
Wednesday, November 20, 2019	2019-11-20
Wednesday, September 25, 1974	1974-09-25
18 April 1967	1967-04-18
Tuesday, August 1, 2028	2028-08-01
the 26th of November 2008	2008-11-26
15 January 2025	2025-01-15
28-Apr-1961	1961-04-28
the 25th of September 2031	2031-09-25
March 23, 2032	2032-03-23
Sat 6 Jan 1962	1962-01-06
2023/11/27	2023-11-27
21-Sep-2018	2018-09-21
07-Feb-1964	1964-02-07
Mon 3 Jan 2039	2039-01-03
April 5, 2045	2045-04-05
the 13th of June 1955	1955-06-13
Saturday, August 8, 2009	2009-08-08
20.8.2048	2048-08-20
February 12, 2048	2048-02-12
OCTOBER 24 2012	2012-10-24
2018/09/02	2018-09-02
1989/04/28	1989-04-28
8.6.1975	1975-06-08
13 October 2018	2018-10-13
13-Apr-1957	1957-04-13
2036/04/24	2036-04-24
2038/02/17	2038-02-17
11 January 1993	1993-01-11
the 7th of July 1996	1996-07-07
Monday the 22nd of May, 1989	1989-05-22
11-Mar-2022	2022-03-11
07-Feb-2008	2008-02-07
March 20, 1958	1958-03-20
14-Nov-1987	1987-11-14
Wednesday, January 24, 1990	1990-01-24
Mon 12 Feb 1990	1990-02-12
the 16th of May 1955	1955-05-16
OCTOBER 8 1991	1991-10-08
6 August 2041	2041-08-06
Fri 11 Nov 2039	2039-11-11
01-Mar-1962	1962-03-01
the 13th of May 1969	1969-05-13
24-Jan-2015	2015-01-24
the 21st of July 2001	2001-07-21
February 9, 2037	2037-02-09
Tue 13 Aug 1974	1974-08-13
17.2.1990	1990-02-17
2032/09/25	2032-09-25
1989/07/11	1989-07-11
June 17, 1953	1953-06-17
February 27, 1965	1965-02-27
Thu 15 Mar 2007	2007-03-15
JANUARY 10 2027	2027-01-10
Fri 12 Aug 1960	1960-08-12
24-Aug-1988	1988-08-24
Saturday the 26th of June, 2038	2038-06-26
1989/04/23	1989-04-23
January 19, 2049	2049-01-19
July 20, 2018	2018-07-20
Wednesday the 24th of September, 2025	2025-09-24
10 December 1951	1951-12-10
26-Nov-2033	2033-11-26
Tue 20 Dec 2039	2039-12-20
2014/09/15	2014-09-15
03-Jul-2026	2026-07-03
21 April 2020	2020-04-21
1983/09/16	1983-09-16
2038/12/22	2038-12-22
10 November 1974	1974-11-10
02-Nov-1978	1978-11-02
the 15th of March 1987	1987-03-15
the 20th of June 1995	1995-06-20
the 16th of November 1967	1967-11-16
19.2.1983	1983-02-19
7 July 2005	2005-07-07
2037/05/30	2037-05-30
AUGUST 16 2043	2043-08-16
1985/09/26	1985-09-26
SEPTEMBER 20 2036	2036-09-20
Monday, May 23, 2022	2022-05-23
Thursday the 5th of March, 2037	2037-03-05
MAY 15 1966	1966-05-15
Friday the 26th of January, 1968	1968-01-26
the 23rd of June 1953	1953-06-23
29.9.1990	1990-09-29
1978/10/04	1978-10-04
Fri 5 Jan 1979	1979-01-05
10 July 2029	2029-07-10
Sun 12 Dec 2049	2049-12-12
31-May-2041	2041-05-31
24-Jun-2031	2031-06-24
Wed 22 Jun 2016	2016-06-22
MAY 6 2038	2038-05-06
JULY 16 2032	2032-07-16
5.5.2023	2023-05-05
October 26, 2011	2011-10-26
January 10, 1975	1975-01-10
24.6.2048	2048-06-24
1964/12/05	1964-12-05
MAY 4 1988	1988-05-04
the 26th of June 2049	2049-06-26
the 21st of August 2035	2035-08-21
August 17, 2036	2036-08-17
1970/01/31	1970-01-31
6.7.1962	1962-07-06
21-Jan-1952	1952-01-21
Monday the 7th of August, 1978	1978-08-07
the 13th of February 2013	2013-02-13
18 January 2033	2033-01-18
11 January 1952	1952-01-11
1957/08/20	1957-08-20
1988/03/08	1988-03-08
Tue 9 Mar 2038	2038-03-09
the 14th of October 2026	2026-10-14
08-May-2026	2026-05-08
12 December 2032	2032-12-12
October 7, 1970	1970-10-07
DECEMBER 31 1984	1984-12-31
1951/08/05	1951-08-05
19-May-1960	1960-05-19
2032/05/31	2032-05-31
Sat 13 Nov 1954	1954-11-13
Mon 8 May 2023	2023-05-08
February 16, 1967	1967-02-16
the 9th of January 1984	1984-01-09
21.2.1975	1975-02-21
Sat 14 Mar 1964	1964-03-14
Friday, September 21, 2012	2012-09-21
22 July 1960	1960-07-22
1968/03/27	1968-03-27
the 26th of January 1971	1971-01-26
19.2.1986	1986-02-19
1982/04/16	1982-04-16
21-Sep-1955	1955-09-21
Friday the 11th of June, 2021	2021-06-11
August 17, 1957	1957-08-17
July 24, 2009	2009-07-24
2004/02/02	2004-02-02
the 24th of April 1974	1974-04-24
17.7.2002	2002-07-17
the 3rd of September 1989	1989-09-03
the 25th of August 1982	1982-08-25
the 19th of January 2040	2040-01-19
Friday, May 6, 1977	1977-05-06
Friday, October 22, 1965	1965-10-22
Tuesday, July 28, 1964	1964-07-28
Sunday, December 29, 2041	2041-12-29
December 21, 1950	1950-12-21
Wednesday, September 16, 1981	1981-09-16
Sunday the 8th of October, 1961	1961-10-08
Wed 5 Sep 1990	1990-09-05
Sunday, January 27, 1985	1985-01-27
04-Feb-1955	1955-02-04
JUNE 7 2006	2006-06-07
18 October 1968	1968-10-18
8.6.1955	1955-06-08
the 2nd of November 1996	1996-11-02
Thursday the 18th of February, 2027	2027-02-18
10.3.2022	2022-03-10
May 13, 2009	2009-05-13
Friday the 28th of September, 2007	2007-09-28
Thursday the 24th of September, 1964	1964-09-24
DECEMBER 22 1986	1986-12-22
1990/10/30	1990-10-30
Friday, February 20, 2009	2009-02-20
3.4.1986	1986-04-03
Wednesday, October 24, 2029	2029-10-24
DECEMBER 26 1992	1992-12-26
Thursday, March 27, 1975	1975-03-27
the 1st of August 2044	2044-08-01
2008/11/10	2008-11-10
7.4.1951	1951-04-07
the 9th of August 1987	1987-08-09
Sunday, January 15, 2017	2017-01-15
Thursday, November 24, 1983	1983-11-24
18-Apr-1998	1998-04-18
28 August 2012	2012-08-28
October 10, 2044	2044-10-10
Thursday the 23rd of October, 2031	2031-10-23
17-May-1989	1989-05-17
December 9, 2041	2041-12-09
October 31, 1957	1957-10-31
14.4.1989	1989-04-14
OCTOBER 30 2010	2010-10-30
January 17, 2001	2001-01-17
the 24th of January 1994	1994-01-24
4.9.2011	2011-09-04
Monday, December 13, 2027	2027-12-13
1995/09/04	1995-09-04
Sat 6 Dec 2042	2042-12-06
04-Sep-2012	2012-09-04
Mon 8 Jun 1964	1964-06-08
18 June 2038	2038-06-18
21-Dec-1981	1981-12-21
the 18th of October 2003	2003-10-18
NOVEMBER 7 1952	1952-11-07
SEPTEMBER 27 1973	1973-09-27
Saturday the 30th of August, 1975	1975-08-30
2036/06/03	2036-06-03
Monday the 12th of October, 1981	1981-10-12
Sunday, October 19, 2036	2036-10-19
DECEMBER 28 2012	2012-12-28
29 May 1993	1993-05-29
30-Nov-1995	1995-11-30
Tuesday, September 14, 1993	1993-09-14
9.4.2027	2027-04-09
14-Oct-2022	2022-10-14
31 December 2001	2001-12-31
the 8th of September 2024	2024-09-08
Sunday the 3rd of December, 2034	2034-12-03
1967/03/22	1967-03-22
Wed 30 Jul 2014	2014-07-30
Thu 10 May 2046	2046-05-10
20.11.1969	1969-11-20
Tuesday, July 30, 1996	1996-07-30
06-Sep-1977	1977-09-06
the 20th of June 2032	2032-06-20
10.1.2001	2001-01-10
2047/01/05	2047-01-05
Monday, May 6, 2030	2030-05-06
17-Mar-2012	2012-03-17
17-May-2018	2018-05-17
Sat 28 Jun 2036	2036-06-28
Tuesday, October 20, 2020	2020-10-20
January 11, 1962	1962-01-11
JULY 2 2025	2025-07-02
20.5.2031	2031-05-20
Friday, July 11, 1997	1997-07-11
Tuesday the 4th of April, 2006	2006-04-04
the 6th of April 1986	1986-04-06
Monday the 8th of February, 1988	1988-02-08
Thursday, September 22, 2039	2039-09-22
the 13th of October 2044	2044-10-13
1980/10/23	1980-10-23
Wednesday the 31st of October, 2007	2007-10-31
January 18, 1982	1982-01-18
30-Aug-2041	2041-08-30
MAY 13 2012	2012-05-13
2016/11/01	2016-11-01
NOVEMBER 6 1970	1970-11-06
1968/04/21	1968-04-21
Tue 29 May 1962	1962-05-29
Tue 24 Jun 2003	2003-06-24
the 28th of November 2009	2009-11-28
the 4th of September 1997	1997-09-04
SEPTEMBER 8 1974	1974-09-08
2006/07/08	2006-07-08
Thursday the 6th of October, 2016	2016-10-06
29.7.1986	1986-07-29
Wednesday, May 29, 2024	2024-05-29
29 September 2021	2021-09-29
the 7th of June 1981	1981-06-07
Wednesday the 30th of March, 1988	1988-03-30
October 31, 2006	2006-10-31
AUGUST 25 1988	1988-08-25
Tue 27 Dec 2044	2044-12-27
Sun 22 May 1960	1960-05-22
21-Sep-1990	1990-09-21
17.11.2018	2018-11-17
the 26th of July 2020	2020-07-26
2043/07/06	2043-07-06
24-May-2034	2034-05-24
11-Oct-1994	1994-10-11
13-Aug-1997	1997-08-13
2026/08/14	2026-08-14
the 20th of April 2049	2049-04-20
13 April 2000	2000-04-13
17.2.2019	2019-02-17
1977/06/05	1977-06-05
Friday the 10th of November, 1995	1995-11-10
18 February 2023	2023-02-18
August 4, 1963	1963-08-04
Friday, August 1, 1952	1952-08-01
19-Oct-1988	1988-10-19
the 4th of August 1954	1954-08-04
16-Jul-2007	2007-07-16
August 16, 1965	1965-08-16
8 June 2039	2039-06-08
the 5th of April 2028	2028-04-05
2023/08/02	2023-08-02
11-Jun-1951	1951-06-11
JUNE 4 1976	1976-06-04
1 June 1959	1959-06-01
18.3.2042	2042-03-18
the 20th of June 2019	2019-06-20
2018/12/27	2018-12-27
14 January 1995	1995-01-14
the 7th of October 2033	2033-10-07
the 27th of March 1994	1994-03-27
04-Feb-1979	1979-02-04
Monday, May 4, 1981	1981-05-04
Thursday the 8th of March, 2029	2029-03-08
Monday, June 15, 2020	2020-06-15
the 5th of May 2026	2026-05-05
16 December 2039	2039-12-16
Thursday, April 29, 2049	2049-04-29
15 August 1981	1981-08-15
MAY 7 1972	1972-05-07
the 8th of October 2044	2044-10-08
Friday, July 22, 2011	2011-07-22
the 9th of January 2014	2014-01-09
1977/07/05	1977-07-05
18.11.1990	1990-11-18
Wed 8 Jul 1953	1953-07-08
Thu 14 Oct 1971	1971-10-14
07-Nov-1983	1983-11-07
Fri 4 Aug 1995	1995-08-04
17 May 2031	2031-05-17
Thursday the 10th of March, 2039	2039-03-10
19-Nov-2003	2003-11-19
FEBRUARY 16 2031	2031-02-16
30 April 2045	2045-04-30
June 7, 2042	2042-06-07
MAY 12 2029	2029-05-12
Sunday the 19th of January, 1969	1969-01-19
20.10.1971	1971-10-20
April 17, 1971	1971-04-17
Fri 4 Mar 2016	2016-03-04
16 August 1974	1974-08-16
9.5.2024	2024-05-09
18.9.2000	2000-09-18
07-Sep-2010	2010-09-07
9 June 2017	2017-06-09
10 November 2044	2044-11-10
Wed 11 Jul 1979	1979-07-11
4 May 2016	2016-05-04
Thu 21 Jul 2033	2033-07-21
Wednesday the 22nd of July, 2009	2009-07-22
Monday the 17th of June, 1985	1985-06-17
the 19th of July 1971	1971-07-19
Wednesday the 18th of March, 2020	2020-03-18
DECEMBER 11 1968	1968-12-11
19 December 2015	2015-12-19
Tuesday the 29th of August, 1961	1961-08-29
20-Oct-1967	1967-10-20
JUNE 14 1985	1985-06-14
12.9.2026	2026-09-12
Saturday, December 27, 2008	2008-12-27
18 June 1992	1992-06-18
Mon 6 Aug 1979	1979-08-06
01-May-1967	1967-05-01
Wednesday the 26th of March, 2014	2014-03-26
Thursday the 9th of July, 1981	1981-07-09
Saturday the 19th of June, 1976	1976-06-19
the 7th of January 2006	2006-01-07
Sun 29 Oct 1978	1978-10-29
Saturday the 9th of June, 1984	1984-06-09
1977/03/29	1977-03-29
Wednesday, January 23, 1974	1974-01-23
JUNE 18 1955	1955-06-18
Saturday the 6th of February, 2027	2027-02-06
20 August 2035	2035-08-20
04-Oct-2002	2002-10-04
the 16th of August 2039	2039-08-16
MAY 30 2004	2004-05-30
OCTOBER 31 1953	1953-10-31
Wednesday the 8th of August, 1951	1951-08-08
Tue 23 Feb 2038	2038-02-23
the 24th of September 1973	1973-09-24
MAY 17 2015	2015-05-17
December 15, 1955	1955-12-15
Wednesday, September 18, 1968	1968-09-18
23-Feb-2018	2018-02-23
Tuesday the 20th of July, 2021	2021-07-20
the 27th of April 1975	1975-04-27
27.6.1974	1974-06-27
25-Jun-2028	2028-06-25
the 22nd of July 2018	2018-07-22
JULY 8 2033	2033-07-08
4.9.1993	1993-09-04
25 August 2011	2011-08-25
28.9.1962	1962-09-28
NOVEMBER 4 1998	1998-11-04
04-May-2012	2012-05-04
24.6.1952	1952-06-24
the 29th of July 2005	2005-07-29
the 20th of April 1982	1982-04-20
2018/05/10	2018-05-10
22-May-2000	2000-05-22
13.5.1969	1969-05-13
1981/11/16	1981-11-16
Saturday, September 10, 1977	1977-09-10
January 15, 1964	1964-01-15
2042/06/05	2042-06-05
AUGUST 29 1959	1959-08-29
SEPTEMBER 2 2007	2007-09-02
the 25th of September 2013	2013-09-25
DECEMBER 12 2032	2032-12-12
Thu 18 Nov 2027	2027-11-18
Tue 25 Apr 2017	2017-04-25
Fri 25 Jul 1975	1975-07-25
the 15th of September 2022	2022-09-15
August 13, 2013	2013-08-13
Wednesday the 28th of May, 2042	2042-05-28
03-Dec-1977	1977-12-03
Wed 21 Jan 1998	1998-01-21
04-May-2021	2021-05-04
June 6, 1985	1985-06-06
the 1st of June 2024	2024-06-01
Monday the 5th of November, 2018	2018-11-05
March 28, 2044	2044-03-28
1970/02/21	1970-02-21
February 12, 1986	1986-02-12
the 20th of April 1972	1972-04-20
MAY 29 1972	1972-05-29
February 16, 2006	2006-02-16
the 7th of November 1963	1963-11-07
26 January 2020	2020-01-26
17.11.1991	1991-11-17
03-Mar-2049	2049-03-03
April 28, 2036	2036-04-28
Thursday, December 26, 2030	2030-12-26
the 14th of July 2020	2020-07-14
12 December 1963	1963-12-12
19 March 1995	1995-03-19
10-Jun-2014	2014-06-10
4.6.2049	2049-06-04
the 26th of May 2037	2037-05-26
7 January 1989	1989-01-07
Wednesday, August 22, 1979	1979-08-22
06-Jan-1990	1990-01-06
Thu 19 Mar 2020	2020-03-19
Fri 3 Jan 1992	1992-01-03
Wednesday, December 22, 1971	1971-12-22
January 16, 1988	1988-01-16
JULY 9 1977	1977-07-09
Wednesday, May 14, 1980	1980-05-14
16 February 1986	1986-02-16
January 10, 2040	2040-01-10
Sun 10 Mar 1968	1968-03-10
JULY 27 1985	1985-07-27
06-Jun-1978	1978-06-06
Thursday the 10th of November, 2016	2016-11-10
1965/09/21	1965-09-21
Wednesday the 16th of May, 2012	2012-05-16
April 1, 2042	2042-04-01
02-Aug-1987	1987-08-02
6 April 1972	1972-04-06
12 March 1967	1967-03-12
1.12.2015	2015-12-01
NOVEMBER 30 2031	2031-11-30
6.5.2001	2001-05-06
2022/08/19	2022-08-19
Sun 26 Dec 2027	2027-12-26
Tuesday, June 6, 2028	2028-06-06
NOVEMBER 10 2037	2037-11-10
Wed 2 Jan 1985	1985-01-02
the 28th of July 2007	2007-07-28
1977/12/27	1977-12-27
15.8.2036	2036-08-15
06-May-2015	2015-05-06
the 1st of December 2037	2037-12-01
1981/01/27	1981-01-27
30 September 1951	1951-09-30
08-Nov-2004	2004-11-08
MARCH 5 2029	2029-03-05
1993/04/16	1993-04-16
Friday, August 2, 2030	2030-08-02
Tue 29 Jul 1997	1997-07-29
17-Jul-2002	2002-07-17
the 18th of September 2005	2005-09-18
Friday, October 25, 2019	2019-10-25
the 25th of November 2042	2042-11-25
2027/09/17	2027-09-17
Tuesday the 30th of June, 2026	2026-06-30
OCTOBER 16 2012	2012-10-16
August 19, 1965	1965-08-19
the 1st of February 2029	2029-02-01
25.9.1972	1972-09-25
Thursday, August 13, 1992	1992-08-13
January 1, 1998	1998-01-01
JULY 14 1999	1999-07-14
the 17th of June 1984	1984-06-17
Sunday the 26th of June, 2022	2022-06-26
APRIL 16 2046	2046-04-16
January 17, 2049	2049-01-17
July 14, 1999	1999-07-14
22 November 1964	1964-11-22
02-May-1993	1993-05-02
the 17th of August 2006	2006-08-17
the 14th of March 1978	1978-03-14
February 25, 2007	2007-02-25
8.10.1956	1956-10-08
Thursday the 7th of January, 1960	1960-01-07
Sunday, June 11, 2034	2034-06-11
2026/09/04	2026-09-04
Monday the 24th of August, 1992	1992-08-24
19 August 1952	1952-08-19
the 26th of November 2025	2025-11-26
Saturday, February 20, 1954	1954-02-20
11-Feb-2046	2046-02-11
08-Jan-1991	1991-01-08
4.7.1999	1999-07-04
Sunday, November 5, 1972	1972-11-05
Thu 8 Feb 2018	2018-02-08
NOVEMBER 8 2047	2047-11-08
Wed 18 Aug 2021	2021-08-18
Friday the 30th of March, 1962	1962-03-30
13-Nov-2029	2029-11-13
Sunday, September 6, 2037	2037-09-06
December 14, 2048	2048-12-14
17.4.1996	1996-04-17
January 4, 2003	2003-01-04
JULY 14 2008	2008-07-14
AUGUST 25 2019	2019-08-25
10-Jun-1974	1974-06-10
Friday, January 9, 1970	1970-01-09
Tue 15 Dec 1992	1992-12-15
11-Apr-1972	1972-04-11
1996/08/27	1996-08-27
Wednesday the 26th of August, 1992	1992-08-26
AUGUST 4 1964	1964-08-04
13-Jan-2024	2024-01-13
Thursday, July 3, 1997	1997-07-03
the 18th of January 2040	2040-01-18
21 October 2004	2004-10-21
Wednesday, July 20, 1960	1960-07-20
the 25th of July 2014	2014-07-25
15.1.2034	2034-01-15
1975/01/14	1975-01-14
Sunday, May 19, 1985	1985-05-19
Thu 12 Jan 1984	1984-01-12
2.12.2042	2042-12-02
27-May-2002	2002-05-27
21.7.2027	2027-07-21
29.4.2000	2000-04-29
26-Jun-2035	2035-06-26
August 11, 2012	2012-08-11
JANUARY 12 1953	1953-01-12
20.3.1968	1968-03-20
JULY 23 2045	2045-07-23
Thursday the 11th of January, 2007	2007-01-11
28.3.1969	1969-03-28
January 12, 2025	2025-01-12
the 13th of May 1998	1998-05-13
Sun 20 Apr 2003	2003-04-20
July 5, 1979	1979-07-05
August 18, 1999	1999-08-18
18-Dec-1976	1976-12-18
Thursday, January 31, 1985	1985-01-31
Thursday, July 3, 2042	2042-07-03
17-Jan-2042	2042-01-17
2011/09/16	2011-09-16
July 28, 2007	2007-07-28
September 24, 1995	1995-09-24
the 20th of March 1957	1957-03-20
the 13th of March 2010	2010-03-13
2025/03/01	2025-03-01
the 7th of March 1983	1983-03-07
27.4.1978	1978-04-27
Thursday the 6th of December, 2040	2040-12-06
15-Feb-1987	1987-02-15
Monday, September 25, 2034	2034-09-25
Thu 26 Feb 1970	1970-02-26
13 May 1980	1980-05-13
NOVEMBER 18 2029	2029-11-18
23-Apr-2033	2033-04-23
JULY 19 1988	1988-07-19
Sunday, September 28, 1986	1986-09-28
Friday the 1st of August, 2008	2008-08-01
10.2.1954	1954-02-10
11 September 2036	2036-09-11
26.1.2044	2044-01-26
Sat 29 Oct 2033	2033-10-29
03-Feb-2025	2025-02-03
03-Dec-2013	2013-12-03
25 October 2004	2004-10-25
the 3rd of November 1977	1977-11-03
Friday, April 21, 1995	1995-04-21
Wednesday, September 10, 2042	2042-09-10
31.7.1972	1972-07-31
JUNE 6 2030	2030-06-06
2 November 1997	1997-11-02
08-Jan-2020	2020-01-08
2 April 1963	1963-04-02
27.10.2019	2019-10-27
13.5.2008	2008-05-13
2006/02/23	2006-02-23
the 29th of May 1977	1977-05-29
Fri 9 Sep 1983	1983-09-09
November 18, 1975	1975-11-18
February 22, 1961	1961-02-22
JUNE 14 2037	2037-06-14
the 17th of October 2021	2021-10-17
01-Sep-2004	2004-09-01
Wed 1 Sep 1954	1954-09-01
SEPTEMBER 22 1968	1968-09-22
the 5th of July 2007	2007-07-05
19 May 2022	2022-05-19
27 July 2026	2026-07-27
July 29, 2042	2042-07-29
the 17th of August 1993	1993-08-17
May 18, 1957	1957-05-18
December 16, 1964	1964-12-16
Thu 24 Oct 2013	2013-10-24
the 2nd of July 2014	2014-07-02
JULY 30 1957	1957-07-30
1994/11/24	1994-11-24
the 29th of March 2044	2044-03-29
July 16, 1993	1993-07-16
JUNE 10 2017	2017-06-10
March 8, 1966	1966-03-08
25-Feb-2034	2034-02-25
October 29, 2019	2019-10-29
APRIL 21 2008	2008-04-21
February 26, 1997	1997-02-26
APRIL 13 1979	1979-04-13
Sunday, October 25, 1953	1953-10-25
December 24, 1997	1997-12-24
14.12.2020	2020-12-14
20 September 1995	1995-09-20
26-Jun-2034	2034-06-26
Wednesday the 22nd of March, 2000	2000-03-22
the 7th of July 2009	2009-07-07
1962/06/28	1962-06-28
3 July 1962	1962-07-03
Wednesday, December 5, 1990	1990-12-05
Wednesday the 5th of October, 1994	1994-10-05
MARCH 6 2014	2014-03-06
Tuesday the 12th of November, 2024	2024-11-12
18 October 2005	2005-10-18
17 February 2014	2014-02-17
Sun 1 Sep 2047	2047-09-01
2035/07/11	2035-07-11
1969/04/08	1969-04-08
MARCH 7 1995	1995-03-07
29 March 1953	1953-03-29
JUNE 8 2004	2004-06-08
12.1.2013	2013-01-12
Sun 13 Nov 2044	2044-11-13
1990/06/08	1990-06-08
19.8.1978	1978-08-19
Sunday the 24th of January, 2038	2038-01-24
17 August 2003	2003-08-17
MARCH 22 1979	1979-03-22
2000/07/11	2000-07-11
Sat 23 Aug 1980	1980-08-23
December 24, 2037	2037-12-24
30.5.1977	1977-05-30
08-Jan-2040	2040-01-08
October 27, 1951	1951-10-27
Monday the 5th of May, 2025	2025-05-05
Friday the 1st of January, 2049	2049-01-01
the 21st of February 1952	1952-02-21
the 21st of October 1996	1996-10-21
SEPTEMBER 18 1973	1973-09-18
Wed 28 Dec 1983	1983-12-28
Tuesday the 14th of September, 1982	1982-09-14
8.12.2002	2002-12-08
February 12, 1964	1964-02-12
MARCH 23 2041	2041-03-23
Saturday, May 18, 1963	1963-05-18
08-Sep-1962	1962-09-08
AUGUST 7 1986	1986-08-07
1.10.1984	1984-10-01
JULY 7 1988	1988-07-07
1.8.2002	2002-08-01
Thu 28 Jan 1993	1993-01-28
27-Mar-1966	1966-03-27
MARCH 19 2019	2019-03-19
2017/07/22	2017-07-22
Monday the 29th of June, 1959	1959-06-29
Friday, February 13, 2043	2043-02-13
Friday the 23rd of December, 2022	2022-12-23
14-Dec-2006	2006-12-14
22 January 1987	1987-01-22
the 27th of July 2006	2006-07-27
JANUARY 24 2039	2039-01-24
Friday, November 12, 1999	1999-11-12
Thu 6 Feb 1986	1986-02-06
23 November 1973	1973-11-23
the 12th of June 1997	1997-06-12
21.8.2045	2045-08-21
Wednesday, September 20, 2045	2045-09-20
February 15, 2030	2030-02-15
1.9.1992	1992-09-01
Friday the 19th of October, 2018	2018-10-19
20-Apr-1979	1979-04-20
2004/09/05	2004-09-05
08-Sep-2028	2028-09-08
Saturday the 23rd of July, 1988	1988-07-23
Thu 3 Dec 1987	1987-12-03
01-Apr-1983	1983-04-01
July 8, 1964	1964-07-08
16.12.2033	2033-12-16
19.5.2030	2030-05-19
01-Sep-2041	2041-09-01
17.1.1999	1999-01-17
DECEMBER 22 1975	1975-12-22
Tuesday, December 16, 2042	2042-12-16
25 September 2049	2049-09-25
Thu 20 Dec 2040	2040-12-20
20-Apr-2004	2004-04-20
Fri 28 Feb 2003	2003-02-28
Friday, December 16, 2016	2016-12-16
1995/06/30	1995-06-30
AUGUST 6 1987	1987-08-06
May 20, 2013	2013-05-20
September 30, 1974	1974-09-30
14.12.2009	2009-12-14
06-Oct-1972	1972-10-06
the 7th of August 2046	2046-08-07
1997/04/28	1997-04-28
JANUARY 8 2032	2032-01-08
Thu 7 Apr 1994	1994-04-07
1955/01/13	1955-01-13
the 25th of August 1961	1961-08-25
the 6th of June 2017	2017-06-06
2028/02/05	2028-02-05
November 7, 1956	1956-11-07
2001/05/15	2001-05-15
5 October 1968	1968-10-05
March 27, 2031	2031-03-27
the 21st of April 1996	1996-04-21
Sun 12 Aug 1956	1956-08-12
26-Jun-1992	1992-06-26
08-Jul-1973	1973-07-08
Saturday the 6th of April, 2041	2041-04-06
25 October 1950	1950-10-25
Saturday the 8th of October, 2039	2039-10-08
DECEMBER 27 1998	1998-12-27
Wednesday, July 26, 2028	2028-07-26
18 May 2009	2009-05-18
17.8.2013	2013-08-17
Sunday, August 26, 2012	2012-08-26
October 15, 1954	1954-10-15
Monday, May 6, 2024	2024-05-06
19 May 2018	2018-05-19
Friday the 9th of June, 1950	1950-06-09
December 24, 1959	1959-12-24
Sun 28 May 1995	1995-05-28
5 February 1951	1951-02-05
February 2, 1985	1985-02-02
Tuesday the 10th of October, 2023	2023-10-10
2031/12/06	2031-12-06
Saturday the 20th of March, 1965	1965-03-20
the 16th of July 1994	1994-07-16
Friday the 5th of November, 2027	2027-11-05
1995/01/12	1995-01-12
2032/03/10	2032-03-10
the 5th of January 1970	1970-01-05
Tuesday the 14th of April, 1970	1970-04-14
the 20th of December 2033	2033-12-20
1964/02/05	1964-02-05
September 20, 2014	2014-09-20
Wednesday, November 27, 1974	1974-11-27
12 April 2007	2007-04-12
December 19, 2001	2001-12-19
Thursday, July 19, 1990	1990-07-19
Tue 16 Oct 1962	1962-10-16
Wednesday the 17th of September, 1969	1969-09-17
7 March 1961	1961-03-07
Wednesday, July 25, 1984	1984-07-25
13.2.1990	1990-02-13
February 8, 1973	1973-02-08
31-Dec-2008	2008-12-31
Thursday, May 2, 2002	2002-05-02
September 9, 1985	1985-09-09
Sat 22 Feb 1969	1969-02-22
May 1, 1952	1952-05-01
7.5.2036	2036-05-07
the 19th of September 1998	1998-09-19
December 4, 1995	1995-12-04
Thursday the 15th of December, 1994	1994-12-15
the 4th of December 1987	1987-12-04
Wednesday the 20th of February, 2002	2002-02-20
23 January 1971	1971-01-23
6.10.1950	1950-10-06
14 September 1993	1993-09-14
Monday, January 30, 2006	2006-01-30
2037/07/30	2037-07-30
Sunday, January 6, 2008	2008-01-06
16-Oct-2044	2044-10-16
the 30th of October 2037	2037-10-30
APRIL 2 2037	2037-04-02
1990/05/03	1990-05-03
28 May 2044	2044-05-28
Wednesday the 12th of April, 2028	2028-04-12
24-Mar-2048	2048-03-24
14.8.1995	1995-08-14
18 April 2002	2002-04-18
04-Aug-2034	2034-08-04
Wednesday the 20th of December, 2000	2000-12-20
May 10, 1963	1963-05-10
29-May-2039	2039-05-29
20 October 2022	2022-10-20
2022/01/22	2022-01-22
18.2.1989	1989-02-18
the 4th of September 1974	1974-09-04
the 26th of November 2034	2034-11-26
1952/05/11	1952-05-11
14.3.2029	2029-03-14
the 7th of December 1995	1995-12-07
Thursday the 16th of December, 1999	1999-12-16
31.3.1973	1973-03-31
Saturday, October 8, 2022	2022-10-08
Tue 9 Apr 1985	1985-04-09
Wednesday the 31st of March, 2027	2027-03-31
25.12.2013	2013-12-25
APRIL 8 1964	1964-04-08
10 July 2002	2002-07-10
19.8.1992	1992-08-19
20.10.2021	2021-10-20
25.2.1982	1982-02-25
MARCH 10 2011	2011-03-10
April 19, 2041	2041-04-19
22.12.2028	2028-12-22
Mon 17 Nov 2025	2025-11-17
Wednesday, March 14, 2029	2029-03-14
March 8, 2012	2012-03-08
Fri 21 Nov 1980	1980-11-21
11-Apr-2004	2004-04-11
the 1st of June 1983	1983-06-01
Friday the 24th of August, 2012	2012-08-24
2044/01/04	2044-01-04
4 January 2035	2035-01-04
17 June 2045	2045-06-17
Sunday, January 10, 2049	2049-01-10
AUGUST 16 2022	2022-08-16
November 15, 2031	2031-11-15
Sunday the 16th of February, 2048	2048-02-16
Thu 28 Mar 1996	1996-03-28
JULY 3 1993	1993-07-03
the 5th of December 2010	2010-12-05
August 19, 1967	1967-08-19
Tuesday, January 22, 1985	1985-01-22
12.10.1996	1996-10-12
May 12, 2003	2003-05-12
03-Oct-2006	2006-10-03
Friday the 16th of May, 2008	2008-05-16
June 28, 1956	1956-06-28
Tue 10 Apr 2018	2018-04-10
22 August 1981	1981-08-22
1969/07/06	1969-07-06
10.4.1954	1954-04-10
September 7, 2032	2032-09-07
DECEMBER 17 2032	2032-12-17
Friday the 28th of October, 2033	2033-10-28
Saturday, September 28, 2024	2024-09-28
Friday the 22nd of December, 2045	2045-12-22
Wednesday, November 6, 1996	1996-11-06
5 July 1990	1990-07-05
Wednesday, January 2, 1980	1980-01-02
Sun 28 Mar 1999	1999-03-28
December 2, 1967	1967-12-02
23.1.1985	1985-01-23
6 March 2021	2021-03-06
6.6.2020	2020-06-06
17 October 1964	1964-10-17
April 4, 2042	2042-04-04
Wednesday, July 15, 2043	2043-07-15
the 3rd of October 2011	2011-10-03
APRIL 22 2033	2033-04-22
4 April 2001	2001-04-04
31.8.1968	1968-08-31
NOVEMBER 6 1950	1950-11-06
Wed 5 Oct 1977	1977-10-05
Sunday, August 1, 2010	2010-08-01
Thu 20 Nov 2031	2031-11-20
NOVEMBER 12 2024	2024-11-12
1 April 2025	2025-04-01
Friday, October 9, 2026	2026-10-09
30-Apr-1992	1992-04-30
18 September 1979	1979-09-18
28 March 1992	1992-03-28
Wed 2 Apr 1986	1986-04-02
the 2nd of April 1998	1998-04-02
25 September 2024	2024-09-25
Sunday the 5th of May, 2047	2047-05-05
27 February 1995	1995-02-27
2.12.2030	2030-12-02
FEBRUARY 25 2013	2013-02-25
1975/10/19	1975-10-19
25 September 1950	1950-09-25
Sun 15 Aug 1976	1976-08-15
30 September 2004	2004-09-30
21 October 2019	2019-10-21
Tuesday, May 29, 1990	1990-05-29
Mon 30 Apr 1984	1984-04-30
SEPTEMBER 9 1985	1985-09-09
Tue 5 Sep 1972	1972-09-05
Sat 14 Apr 1956	1956-04-14
1.6.2031	2031-06-01
03-Jul-2013	2013-07-03
the 16th of February 1994	1994-02-16
March 23, 1961	1961-03-23
Friday, July 16, 2010	2010-07-16
March 4, 2049	2049-03-04
Thursday, June 15, 2028	2028-06-15
23-Jan-2048	2048-01-23
21.5.2002	2002-05-21
13.11.1975	1975-11-13
FEBRUARY 19 1961	1961-02-19
29 April 1995	1995-04-29
Monday, March 25, 1974	1974-03-25
10.8.2045	2045-08-10
the 30th of April 1981	1981-04-30
1983/11/21	1983-11-21
Tuesday, November 21, 2045	2045-11-21
Wednesday, October 29, 1980	1980-10-29
21 December 2011	2011-12-21
7.11.2029	2029-11-07
OCTOBER 18 2014	2014-10-18
Tuesday, December 28, 2032	2032-12-28
MAY 6 2012	2012-05-06
14-Aug-1965	1965-08-14
the 27th of February 1976	1976-02-27
16.5.2042	2042-05-16
Friday, December 10, 1971	1971-12-10
Monday, April 25, 1988	1988-04-25
1998/10/26	1998-10-26
Thursday the 9th of December, 2004	2004-12-09
the 7th of December 1968	1968-12-07
2040/02/07	2040-02-07
4.11.2034	2034-11-04
Tuesday, March 29, 1994	1994-03-29
1 August 2018	2018-08-01
September 20, 1956	1956-09-20
Saturday, August 9, 2031	2031-08-09
Wednesday, April 19, 1967	1967-04-19
2000/07/21	2000-07-21
SEPTEMBER 12 1982	1982-09-12
6 September 2045	2045-09-06
28-Jul-1973	1973-07-28
8 December 2034	2034-12-08
2034/11/25	2034-11-25
Monday the 26th of September, 1960	1960-09-26
17 February 1967	1967-02-17
the 29th of September 2018	2018-09-29
Thursday the 2nd of February, 2006	2006-02-02
15-Dec-2046	2046-12-15
29.3.2007	2007-03-29
21.2.2016	2016-02-21
Wednesday, October 14, 1970	1970-10-14
11-Sep-1978	1978-09-11
Tuesday, March 6, 2029	2029-03-06
the 9th of October 2042	2042-10-09
29 March 2006	2006-03-29
Saturday the 3rd of May, 2042	2042-05-03
Tue 2 Jun 1987	1987-06-02
AUGUST 10 1967	1967-08-10
May 12, 1964	1964-05-12
Tuesday the 28th of June, 2022	2022-06-28
08-Nov-2000	2000-11-08
Tuesday the 30th of March, 1954	1954-03-30
Tuesday the 17th of November, 1964	1964-11-17
6.4.1976	1976-04-06
June 9, 2009	2009-06-09
02-Feb-2000	2000-02-02
the 9th of November 2029	2029-11-09
OCTOBER 27 2023	2023-10-27
Tuesday the 25th of October, 1983	1983-10-25
2 January 1966	1966-01-02
Tuesday the 17th of November, 1970	1970-11-17
1 July 1971	1971-07-01
May 16, 1954	1954-05-16
1967/07/15	1967-07-15
AUGUST 19 2025	2025-08-19
25.1.1967	1967-01-25
Friday the 25th of April, 2042	2042-04-25
the 11th of January 1978	1978-01-11
1994/04/23	1994-04-23
25-Jul-2000	2000-07-25
19 January 2029	2029-01-19
Tuesday the 7th of June, 2011	2011-06-07
Tue 10 Feb 2004	2004-02-10
18-Jan-2012	2012-01-18
Monday, December 28, 1998	1998-12-28
2040/11/22	2040-11-22
Tuesday, October 5, 2049	2049-10-05
Tuesday the 13th of July, 2021	2021-07-13
10.7.2002	2002-07-10
10-Dec-2037	2037-12-10
December 16, 2009	2009-12-16
2038/04/10	2038-04-10
APRIL 20 1953	1953-04-20
8 February 1994	1994-02-08
DECEMBER 21 1990	1990-12-21
18-Mar-1971	1971-03-18
18 May 1952	1952-05-18
19-Jun-1974	1974-06-19
24.1.1960	1960-01-24
13-Aug-2039	2039-08-13
Wednesday the 8th of September, 2021	2021-09-08
9 October 2020	2020-10-09
Friday the 16th of January, 2015	2015-01-16
July 28, 2033	2033-07-28
Saturday, February 11, 2017	2017-02-11
29.11.1965	1965-11-29
Wednesday the 1st of August, 2040	2040-08-01
1990/12/10	1990-12-10
Wednesday the 27th of September, 1961	1961-09-27
28 August 2026	2026-08-28
Mon 14 Aug 1967	1967-08-14
6 June 1972	1972-06-06
January 24, 1973	1973-01-24
Sun 30 May 2010	2010-05-30
29-Aug-1968	1968-08-29
2020/03/17	2020-03-17
Tuesday the 14th of January, 1964	1964-01-14
2 June 1978	1978-06-02
the 6th of December 1986	1986-12-06
19 September 2028	2028-09-19
17-Sep-2019	2019-09-17
27-Oct-2002	2002-10-27
Tuesday the 13th of June, 2006	2006-06-13
Tuesday the 12th of May, 1998	1998-05-12
1959/07/07	1959-07-07
2042/07/02	2042-07-02
1975/05/02	1975-05-02
2045/02/22	2045-02-22
21.10.1961	1961-10-21
Sun 14 May 2045	2045-05-14
2002/08/27	2002-08-27
the 19th of August 1977	1977-08-19
Fri 24 Jan 2014	2014-01-24
Friday the 24th of February, 1956	1956-02-24
1990/12/18	1990-12-18
06-Dec-1960	1960-12-06
10-Jan-2023	2023-01-10
July 12, 2024	2024-07-12
06-Oct-2002	2002-10-06
Saturday, February 6, 2044	2044-02-06
Friday the 24th of August, 2001	2001-08-24
Wednesday the 21st of May, 1986	1986-05-21
14-Feb-2040	2040-02-14
Mon 18 May 1970	1970-05-18
2004/06/16	2004-06-16
Tuesday, June 5, 1990	1990-06-05
January 15, 1984	1984-01-15
16 August 1992	1992-08-16
31.5.2001	2001-05-31
19-May-2022	2022-05-19
July 29, 1996	1996-07-29
10.8.2039	2039-08-10
the 28th of March 1990	1990-03-28
1980/10/29	1980-10-29
FEBRUARY 14 2022	2022-02-14
August 12, 1970	1970-08-12
1.4.2025	2025-04-01
1961/06/12	1961-06-12
July 29, 2019	2019-07-29
May 5, 2021	2021-05-05
February 2, 2015	2015-02-02
1990/04/19	1990-04-19
2004/06/23	2004-06-23
27 October 1950	1950-10-27
8.4.2049	2049-04-08
Tuesday, November 18, 2042	2042-11-18
1996/05/13	1996-05-13
27-Apr-1959	1959-04-27
Monday, June 15, 1964	1964-06-15
Sat 18 May 1991	1991-05-18
1994/03/17	1994-03-17
20-Feb-1958	1958-02-20
25.5.2022	2022-05-25
February 3, 2016	2016-02-03
1992/03/09	1992-03-09
25 March 2005	2005-03-25
22-Feb-2040	2040-02-22
Mon 3 Nov 1958	1958-11-03
14-Mar-2016	2016-03-14
10 September 1971	1971-09-10
30-Dec-1984	1984-12-30
the 7th of May 1961	1961-05-07
1974/05/19	1974-05-19
24.10.1959	1959-10-24
2026/05/25	2026-05-25
Tuesday, April 2, 1991	1991-04-02
12.8.2028	2028-08-12
AUGUST 6 1966	1966-08-06
Wed 4 Apr 1979	1979-04-04
1.1.2037	2037-01-01
17-Jul-1978	1978-07-17
16-Dec-2020	2020-12-16
07-Jan-1965	1965-01-07
Friday the 13th of May, 2016	2016-05-13
JULY 15 2040	2040-07-15
the 16th of October 1983	1983-10-16
28-Oct-1950	1950-10-28
Sunday, May 10, 2048	2048-05-10
21.10.1985	1985-10-21
July 13, 2049	2049-07-13
JUNE 26 2014	2014-06-26
Wednesday, March 4, 1964	1964-03-04
the 16th of August 2047	2047-08-16
Saturday the 9th of December, 2006	2006-12-09
JUNE 19 1970	1970-06-19
October 12, 2000	2000-10-12
DECEMBER 20 2025	2025-12-20
05-Sep-1994	1994-09-05
22.10.1998	1998-10-22
the 28th of December 1967	1967-12-28
29-Jun-2039	2039-06-29
the 25th of August 2019	2019-08-25
October 4, 1982	1982-10-04
Tue 9 Oct 2007	2007-10-09
SEPTEMBER 2 2020	2020-09-02
July 16, 2046	2046-07-16
the 17th of September 1950	1950-09-17
SEPTEMBER 21 2043	2043-09-21
Saturday the 1st of September, 2029	2029-09-01
Monday the 28th of May, 2035	2035-05-28
03-Mar-2008	2008-03-03
Sunday, March 20, 2033	2033-03-20
Thu 25 Sep 2031	2031-09-25
2.9.1991	1991-09-02
Saturday, October 26, 2019	2019-10-26
June 6, 1990	1990-06-06
19-Jul-1981	1981-07-19
21.5.1961	1961-05-21
Thursday, August 9, 2040	2040-08-09
Monday, June 17, 2024	2024-06-17
Sunday the 27th of July, 2031	2031-07-27
Mon 1 Apr 1974	1974-04-01
Saturday the 5th of June, 1971	1971-06-05
2035/03/14	2035-03-14
the 2nd of October 2037	2037-10-02
2045/02/21	2045-02-21
Tuesday, December 13, 1988	1988-12-13
the 26th of November 1996	1996-11-26
Saturday, October 30, 1993	1993-10-30
Wednesday, July 23, 2008	2008-07-23
OCTOBER 21 2023	2023-10-21
25-Nov-1981	1981-11-25
Sun 30 Apr 1961	1961-04-30
11 January 1964	1964-01-11
the 24th of June 1960	1960-06-24
Mon 1 Dec 2031	2031-12-01
the 25th of April 2026	2026-04-25
15.5.1965	1965-05-15
Wed 2 Jul 1986	1986-07-02
Monday, December 19, 2044	2044-12-19
August 5, 2017	2017-08-05
05-Aug-1955	1955-08-05
FEBRUARY 2 1950	1950-02-02
23-Apr-2036	2036-04-23
OCTOBER 1 2046	2046-10-01
1998/12/01	1998-12-01
August 4, 1968	1968-08-04
2021/06/28	2021-06-28
Thursday the 7th of December, 2023	2023-12-07
Thursday the 4th of July, 2030	2030-07-04
Tue 14 May 2019	2019-05-14
Saturday, August 8, 2043	2043-08-08
Thursday, April 7, 1983	1983-04-07
2015/07/18	2015-07-18
16 July 2041	2041-07-16
Thursday, October 11, 1973	1973-10-11
13.2.1976	1976-02-13
Wednesday, November 5, 2036	2036-11-05
the 9th of March 2025	2025-03-09
21 January 2016	2016-01-21
NOVEMBER 27 2018	2018-11-27
October 18, 2000	2000-10-18
Tue 23 Sep 2025	2025-09-23
1980/07/15	1980-07-15
MAY 4 2049	2049-05-04
9.6.2005	2005-06-09
4.2.1994	1994-02-04
14.2.1962	1962-02-14
17 June 1962	1962-06-17
13-Jun-2045	2045-06-13
5.7.2012	2012-07-05
January 7, 2037	2037-01-07
1 December 2033	2033-12-01
Sunday the 14th of August, 1988	1988-08-14
2022/03/21	2022-03-21
29 November 2034	2034-11-29
30-Mar-1953	1953-03-30
19 June 1985	1985-06-19
02-May-1998	1998-05-02
7.2.2014	2014-02-07
Friday the 19th of December, 1958	1958-12-19
MARCH 20 1955	1955-03-20
the 13th of July 2040	2040-07-13
OCTOBER 4 1975	1975-10-04
Saturday, November 3, 1951	1951-11-03
2029/12/04	2029-12-04
APRIL 5 1981	1981-04-05
Wednesday, January 17, 2018	2018-01-17
30.3.2003	2003-03-30
MAY 6 2015	2015-05-06
Thursday the 20th of April, 2028	2028-04-20
the 5th of May 1968	1968-05-05
19 August 1989	1989-08-19
Sat 1 Feb 2003	2003-02-01
the 30th of May 2017	2017-05-30
NOVEMBER 8 1982	1982-11-08
June 6, 2036	2036-06-06
JULY 16 1964	1964-07-16
29.10.1952	1952-10-29
Sat 30 Sep 2023	2023-09-30
2 June 2048	2048-06-02
17-Aug-2015	2015-08-17
October 3, 2003	2003-10-03
09-Mar-1963	1963-03-09
2013/01/10	2013-01-10
26-Jan-1973	1973-01-26
Tuesday, April 10, 1973	1973-04-10
26.8.2006	2006-08-26
10 September 2003	2003-09-10
Friday the 23rd of February, 2046	2046-02-23
NOVEMBER 8 2023	2023-11-08
the 27th of September 2039	2039-09-27
October 4, 2023	2023-10-04
29.7.1957	1957-07-29
8 June 1959	1959-06-08
Wednesday, September 13, 2023	2023-09-13
2016/02/20	2016-02-20
JUNE 11 2020	2020-06-11
SEPTEMBER 10 2047	2047-09-10
18-Feb-1984	1984-02-18
JUNE 6 2008	2008-06-06
2018/06/13	2018-06-13
18.4.1967	1967-04-18
26.8.1996	1996-08-26
Saturday the 19th of May, 2012	2012-05-19
Thursday, December 16, 1965	1965-12-16
the 1st of July 2039	2039-07-01
Sunday the 19th of April, 1987	1987-04-19
1968/01/18	1968-01-18
Sunday the 25th of September, 2033	2033-09-25
Mon 5 May 1980	1980-05-05
Tue 20 Sep 2044	2044-09-20
1960/06/20	1960-06-20
the 27th of July 1975	1975-07-27
the 6th of September 1974	1974-09-06
22 December 1959	1959-12-22
OCTOBER 31 1976	1976-10-31
AUGUST 14 1958	1958-08-14
08-Nov-1979	1979-11-08
the 23rd of April 2018	2018-04-23
Thu 13 Mar 2014	2014-03-13
1955/05/20	1955-05-20
Fri 11 Sep 1992	1992-09-11
Wednesday the 7th of April, 2010	2010-04-07
15-Apr-2032	2032-04-15
14 November 2000	2000-11-14
13-May-1958	1958-05-13
Saturday the 8th of April, 1967	1967-04-08
20.11.2016	2016-11-20
the 19th of May 2032	2032-05-19
25 September 1995	1995-09-25
DECEMBER 18 2047	2047-12-18
the 9th of September 2038	2038-09-09
APRIL 24 1951	1951-04-24
19.2.1973	1973-02-19
Friday the 22nd of March, 1968	1968-03-22
15 November 1989	1989-11-15
APRIL 26 1990	1990-04-26
March 7, 2006	2006-03-07
Wednesday, November 13, 1991	1991-11-13
June 9, 2001	2001-06-09
Wed 24 Jun 1959	1959-06-24
Saturday, March 15, 1980	1980-03-15
March 22, 2020	2020-03-22
Friday the 21st of September, 2035	2035-09-21
07-Jun-1976	1976-06-07
Thu 7 Oct 1971	1971-10-07
the 15th of December 2045	2045-12-15
November 23, 1967	1967-11-23
16-Feb-2045	2045-02-16
13.1.2025	2025-01-13
MAY 4 2006	2006-05-04
24.8.2049	2049-08-24
Thursday the 24th of June, 2027	2027-06-24
the 1st of March 1995	1995-03-01
the 13th of July 1957	1957-07-13
11-Dec-2043	2043-12-11
Sunday, October 16, 2016	2016-10-16
Monday the 19th of June, 1950	1950-06-19
February 28, 1969	1969-02-28
Friday the 17th of April, 1970	1970-04-17
11-Jul-2004	2004-07-11
September 22, 1987	1987-09-22
6.7.1983	1983-07-06
2021/11/10	2021-11-10
22.7.1957	1957-07-22
5.1.2035	2035-01-05
Fri 3 Aug 1973	1973-08-03
Thursday the 23rd of December, 1999	1999-12-23
2040/06/30	2040-06-30
JANUARY 16 1985	1985-01-16
2023/03/24	2023-03-24
Wed 24 Mar 2032	2032-03-24
July 22, 2032	2032-07-22
10 November 2004	2004-11-10
Thu 7 Jun 1962	1962-06-07
Wed 1 Feb 2017	2017-02-01
NOVEMBER 22 1985	1985-11-22
Sunday the 29th of December, 2041	2041-12-29
Friday the 15th of August, 1997	1997-08-15
November 28, 2034	2034-11-28
Wednesday, March 22, 2017	2017-03-22
22.3.2007	2007-03-22
Sun 24 Oct 1976	1976-10-24
12-Aug-1951	1951-08-12
Sat 9 Dec 1989	1989-12-09
the 1st of August 2007	2007-08-01
2.1.2015	2015-01-02
29 January 2010	2010-01-29
the 24th of February 2031	2031-02-24
Tuesday, August 21, 1973	1973-08-21
5.10.2004	2004-10-05
the 22nd of February 2010	2010-02-22
the 9th of March 1982	1982-03-09
October 12, 2003	2003-10-12
11-Apr-2037	2037-04-11
02-Oct-2049	2049-10-02
22 February 2042	2042-02-22
July 5, 2033	2033-07-05
7.6.2015	2015-06-07
September 13, 2044	2044-09-13
2029/10/28	2029-10-28
29.5.2004	2004-05-29
September 30, 2031	2031-09-30
Saturday, October 15, 2005	2005-10-15
Monday the 7th of September, 2009	2009-09-07
Tue 22 Mar 1988	1988-03-22
27-Jul-1958	1958-07-27
4.8.2033	2033-08-04
SEPTEMBER 28 2016	2016-09-28
19 December 1976	1976-12-19
the 13th of June 1990	1990-06-13
Friday the 26th of December, 2014	2014-12-26
Tuesday the 18th of September, 1973	1973-09-18
the 30th of September 2023	2023-09-30
the 21st of August 2021	2021-08-21
Thu 9 May 1963	1963-05-09
1970/03/27	1970-03-27
7.4.2021	2021-04-07
1988/12/05	1988-12-05
Monday, January 15, 2035	2035-01-15
the 12th of May 1962	1962-05-12
01-Jan-1977	1977-01-01
JUNE 3 2049	2049-06-03
28-Aug-2003	2003-08-28
13-Feb-1974	1974-02-13
18.4.1978	1978-04-18
20-Aug-2029	2029-08-20
Thursday the 28th of March, 1974	1974-03-28
the 8th of April 1968	1968-04-08
Sunday the 16th of September, 2018	2018-09-16
2033/01/18	2033-01-18
13.10.1975	1975-10-13
JULY 24 2048	2048-07-24
1994/06/05	1994-06-05
18.10.1950	1950-10-18
Sat 16 Dec 1967	1967-12-16
December 14, 2006	2006-12-14
1987/08/12	1987-08-12
Tuesday the 5th of February, 1985	1985-02-05
Tue 24 Jun 2025	2025-06-24
July 21, 2019	2019-07-21
Wednesday the 21st of January, 2004	2004-01-21
NOVEMBER 13 2036	2036-11-13
Mon 8 Nov 2027	2027-11-08
27 October 1965	1965-10-27
MARCH 10 1960	1960-03-10
13.12.2044	2044-12-13
Monday the 8th of August, 2033	2033-08-08
Friday, December 23, 2039	2039-12-23
the 29th of October 1972	1972-10-29
Sunday, July 29, 2035	2035-07-29
19 March 2000	2000-03-19
Thu 28 Jul 1983	1983-07-28
DECEMBER 17 2014	2014-12-17
2035/08/26	2035-08-26
Tuesday, March 26, 2047	2047-03-26
AUGUST 9 1999	1999-08-09
25.11.1994	1994-11-25
September 26, 2049	2049-09-26
August 19, 2010	2010-08-19
APRIL 13 1997	1997-04-13
Sunday the 23rd of November, 1997	1997-11-23
Friday the 10th of August, 1962	1962-08-10
Wed 18 May 1983	1983-05-18
06-Feb-1994	1994-02-06
24.8.2016	2016-08-24
1962/03/17	1962-03-17
Tue 27 Jul 2038	2038-07-27
16 September 2012	2012-09-16
Sunday the 3rd of May, 1964	1964-05-03
Monday, May 25, 1981	1981-05-25
Wed 9 Jun 1971	1971-06-09
Wednesday, February 13, 1985	1985-02-13
Tue 3 Apr 2007	2007-04-03
November 13, 2002	2002-11-13
7 October 1957	1957-10-07
1970/08/06	1970-08-06
1954/04/26	1954-04-26
Thursday the 6th of July, 2023	2023-07-06
Wednesday, December 6, 1995	1995-12-06
March 13, 2036	2036-03-13
19 October 2027	2027-10-19
Sun 7 Feb 2044	2044-02-07
26 August 1963	1963-08-26
the 5th of April 1992	1992-04-05
Sat 7 May 2044	2044-05-07
15 February 1976	1976-02-15
Tuesday, December 26, 2034	2034-12-26
Tue 14 Jun 2039	2039-06-14
Fri 18 Jul 1980	1980-07-18
Sunday the 7th of November, 2049	2049-11-07
2027/03/15	2027-03-15
12-Jul-1983	1983-07-12
Sat 20 Jul 2024	2024-07-20
April 6, 2048	2048-04-06
DECEMBER 5 2023	2023-12-05
Sunday, November 1, 1981	1981-11-01
JULY 6 2007	2007-07-06
OCTOBER 25 2009	2009-10-25
16 June 2049	2049-06-16
28-Jul-1959	1959-07-28
APRIL 20 1967	1967-04-20
22 March 1950	1950-03-22
Sunday, December 16, 2040	2040-12-16
24.7.2004	2004-07-24
26-Dec-1950	1950-12-26
Tuesday, October 25, 1955	1955-10-25
Tue 8 Jul 1969	1969-07-08
Monday, August 3, 1987	1987-08-03
Saturday the 11th of April, 2009	2009-04-11
30-Sep-2009	2009-09-30
18 May 2029	2029-05-18
Sunday, July 10, 1960	1960-07-10
25-Nov-1963	1963-11-25
October 10, 1951	1951-10-10
Wednesday the 20th of July, 1960	1960-07-20
2048/02/13	2048-02-13
January 13, 1981	1981-01-13
Mon 2 Jan 1950	1950-01-02
1987/03/05	1987-03-05
the 29th of July 2027	2027-07-29
November 12, 2003	2003-11-12
29.1.2034	2034-01-29
25-Feb-1991	1991-02-25
Wednesday, October 3, 1990	1990-10-03
22 May 1997	1997-05-22
12.5.1974	1974-05-12
14.2.2021	2021-02-14
Friday the 24th of April, 1981	1981-04-24
Thursday, November 27, 2036	2036-11-27
August 18, 1996	1996-08-18
May 16, 2019	2019-05-16
Tue 25 Feb 2031	2031-02-25
1955/09/02	1955-09-02
JANUARY 20 1968	1968-01-20
19-Aug-1950	1950-08-19
05-Oct-2045	2045-10-05
the 24th of December 1957	1957-12-24
18 July 2005	2005-07-18
Mon 3 Feb 2014	2014-02-03
SEPTEMBER 27 2005	2005-09-27
Wednesday the 27th of September, 2045	2045-09-27
Monday the 5th of February, 1996	1996-02-05
1951/12/14	1951-12-14
the 20th of October 2005	2005-10-20
5.1.2002	2002-01-05
16 January 1982	1982-01-16
Thu 18 Aug 1977	1977-08-18
Wednesday, November 25, 1959	1959-11-25
04-Jan-1955	1955-01-04
Tue 17 Jan 2034	2034-01-17
the 23rd of July 1986	1986-07-23
Monday, October 24, 1960	1960-10-24
MAY 18 2017	2017-05-18
Fri 23 Jul 1971	1971-07-23
Thursday, May 29, 1958	1958-05-29
MAY 22 1978	1978-05-22
Monday the 12th of October, 1964	1964-10-12
JULY 9 2043	2043-07-09
Mon 15 Dec 1958	1958-12-15
AUGUST 22 1953	1953-08-22
3.9.2004	2004-09-03
Thu 19 Nov 2026	2026-11-19
20.1.1973	1973-01-20
the 6th of April 1967	1967-04-06
Wed 31 Oct 1951	1951-10-31
Wednesday, November 8, 2000	2000-11-08
12.7.2034	2034-07-12
Tuesday the 9th of April, 2013	2013-04-09
Tue 25 Jun 1991	1991-06-25
Saturday the 2nd of May, 2026	2026-05-02
Sunday the 16th of January, 1955	1955-01-16
13-May-1957	1957-05-13
Saturday the 6th of April, 2002	2002-04-06
Friday, August 21, 1964	1964-08-21
25-Nov-1954	1954-11-25
Wednesday, January 5, 1972	1972-01-05
Wednesday, July 29, 1981	1981-07-29
NOVEMBER 12 1987	1987-11-12
February 5, 1985	1985-02-05
JUNE 20 1977	1977-06-20
2009/05/07	2009-05-07
the 3rd of July 2033	2033-07-03
Mon 19 Jan 1981	1981-01-19
Mon 9 Dec 2024	2024-12-09
Friday, June 3, 2016	2016-06-03
21-Jun-1993	1993-06-21
17-Mar-1964	1964-03-17
08-Feb-2043	2043-02-08
Tue 17 Mar 1981	1981-03-17
4.4.2016	2016-04-04
the 9th of October 1987	1987-10-09
03-Nov-2002	2002-11-03
January 9, 1992	1992-01-09
the 19th of June 1988	1988-06-19
4.11.2025	2025-11-04
SEPTEMBER 2 2032	2032-09-02
August 10, 2010	2010-08-10
Monday, March 16, 1970	1970-03-16
Thursday the 11th of April, 2013	2013-04-11
the 29th of December 1954	1954-12-29
the 12th of April 1950	1950-04-12
the 17th of November 1969	1969-11-17
February 11, 1960	1960-02-11
December 25, 1957	1957-12-25
7 June 1996	1996-06-07
AUGUST 18 2035	2035-08-18
November 19, 1969	1969-11-19
MAY 23 1964	1964-05-23
December 21, 2019	2019-12-21
JUNE 11 2029	2029-06-11
06-Sep-2040	2040-09-06
Saturday, May 3, 2031	2031-05-03
October 9, 2032	2032-10-09
9 May 2012	2012-05-09
May 21, 1969	1969-05-21
20-Jul-1972	1972-07-20
February 25, 2046	2046-02-25
03-Aug-1958	1958-08-03
August 31, 2027	2027-08-31
20 January 1993	1993-01-20
22-Oct-1992	1992-10-22
AUGUST 9 2044	2044-08-09
28 October 2030	2030-10-28
APRIL 25 2049	2049-04-25
Sunday, August 3, 2036	2036-08-03
2037/02/26	2037-02-26
the 1st of October 1960	1960-10-01
16-Mar-2030	2030-03-16
13 April 1958	1958-04-13
5 October 2011	2011-10-05
12.4.1999	1999-04-12
27-Apr-2012	2012-04-27
the 28th of December 2008	2008-12-28
5 April 1975	1975-04-05
01-Nov-2041	2041-11-01
Sunday, December 16, 2046	2046-12-16
Mon 18 Mar 2041	2041-03-18
AUGUST 4 2005	2005-08-04
Friday, June 8, 1956	1956-06-08
Wednesday the 8th of December, 1982	1982-12-08
28 October 2009	2009-10-28
1994/07/07	1994-07-07
June 28, 1954	1954-06-28
Monday, August 6, 2035	2035-08-06
1984/11/17	1984-11-17
Tuesday, March 22, 2016	2016-03-22
the 16th of November 1982	1982-11-16
August 11, 1958	1958-08-11
Monday the 6th of November, 1967	1967-11-06
the 2nd of February 2045	2045-02-02
November 6, 2032	2032-11-06
23.3.2029	2029-03-23
22 December 1964	1964-12-22
29 September 2000	2000-09-29
the 10th of September 1974	1974-09-10
2031/04/18	2031-04-18
22-May-1994	1994-05-22
27-Feb-2033	2033-02-27
NOVEMBER 10 1982	1982-11-10
11.7.2021	2021-07-11
Sunday, June 12, 2011	2011-06-12
March 8, 2010	2010-03-08
May 15, 2010	2010-05-15
22-Sep-2005	2005-09-22
the 9th of June 2004	2004-06-09
22 January 1969	1969-01-22
December 7, 2044	2044-12-07
Wednesday, April 18, 1984	1984-04-18
MAY 9 1980	1980-05-09
Friday the 4th of March, 1983	1983-03-04
Sunday the 10th of March, 2013	2013-03-10
August 10, 2037	2037-08-10
6.9.1971	1971-09-06
Monday, December 30, 2013	2013-12-30
the 15th of June 1958	1958-06-15
2017/12/03	2017-12-03
21 October 2000	2000-10-21
Friday, September 9, 2016	2016-09-09
Friday, April 10, 1970	1970-04-10
the 21st of March 2004	2004-03-21
APRIL 22 1972	1972-04-22
12-Jun-1957	1957-06-12
the 7th of June 1954	1954-06-07
the 13th of April 1987	1987-04-13
15 February 2044	2044-02-15
1996/09/05	1996-09-05
Sun 12 Feb 2045	2045-02-12
Sat 24 Jul 2049	2049-07-24
SEPTEMBER 1 1967	1967-09-01
05-Jun-2035	2035-06-05
the 10th of May 1950	1950-05-10
12-Sep-1955	1955-09-12
Sat 23 Nov 1974	1974-11-23
1988/10/09	1988-10-09
Thursday, August 10, 2045	2045-08-10
Saturday the 10th of January, 2015	2015-01-10
Fri 17 Mar 2023	2023-03-17
1951/11/26	1951-11-26
the 27th of April 1951	1951-04-27
JANUARY 20 1981	1981-01-20
the 28th of January 1980	1980-01-28
Thursday the 23rd of September, 2032	2032-09-23
Thursday, December 23, 1954	1954-12-23
Fri 19 Oct 1990	1990-10-19
1956/10/20	1956-10-20
JANUARY 18 2032	2032-01-18
November 27, 1983	1983-11-27
April 17, 2007	2007-04-17
25 March 1958	1958-03-25
July 7, 2017	2017-07-07
Sat 30 Jul 2044	2044-07-30
2032/09/18	2032-09-18
17-Feb-1959	1959-02-17
Sat 3 Jan 2043	2043-01-03
JUNE 15 1997	1997-06-15
July 20, 1991	1991-07-20
Saturday the 17th of December, 2011	2011-12-17
Friday the 12th of December, 2003	2003-12-12
20 April 2033	2033-04-20
12 July 1993	1993-07-12
Thursday, July 10, 1969	1969-07-10
Tuesday the 18th of January, 1972	1972-01-18
APRIL 17 1988	1988-04-17
Tue 8 Apr 1969	1969-04-08
March 11, 1950	1950-03-11
2012/07/10	2012-07-10
November 3, 1954	1954-11-03
12-Aug-1990	1990-08-12
18.8.2039	2039-08-18
JUNE 20 1953	1953-06-20
26.7.1956	1956-07-26
June 30, 1981	1981-06-30
1967/06/19	1967-06-19
the 11th of March 2048	2048-03-11
NOVEMBER 18 1997	1997-11-18
Friday the 24th of April, 1970	1970-04-24
1975/08/23	1975-08-23
3.10.2033	2033-10-03
Saturday, May 18, 2030	2030-05-18
Monday the 30th of July, 1973	1973-07-30
Fri 5 Jan 2018	2018-01-05
Mon 9 May 2022	2022-05-09
1964/06/12	1964-06-12
25.2.2043	2043-02-25
Thursday, September 22, 2016	2016-09-22
27.8.1966	1966-08-27
Thursday the 28th of May, 1992	1992-05-28
21.6.2033	2033-06-21
the 19th of September 1958	1958-09-19
2048/06/15	2048-06-15
1966/12/09	1966-12-09
the 26th of March 1995	1995-03-26
17-Sep-1984	1984-09-17
03-Mar-1960	1960-03-03
the 15th of February 1970	1970-02-15
1962/05/17	1962-05-17
Sat 20 Aug 2039	2039-08-20
05-Jul-1976	1976-07-05
Sat 23 Aug 1969	1969-08-23
1966/02/04	1966-02-04
01-Nov-2014	2014-11-01
FEBRUARY 22 1956	1956-02-22
AUGUST 9 2028	2028-08-09
9 March 1952	1952-03-09
Fri 23 Oct 2048	2048-10-23
21-Dec-1964	1964-12-21
1969/05/15	1969-05-15
2024/08/03	2024-08-03
March 14, 2004	2004-03-14
the 11th of October 1973	1973-10-11
16 December 1961	1961-12-16
Sunday, July 29, 2040	2040-07-29
August 17, 2015	2015-08-17
Saturday the 21st of April, 2046	2046-04-21
November 13, 1975	1975-11-13
14 February 2035	2035-02-14
Tuesday, April 5, 2022	2022-04-05
Sunday, November 9, 2031	2031-11-09
Friday the 19th of March, 1965	1965-03-19
14-Nov-1979	1979-11-14
JULY 30 1996	1996-07-30
2040/09/21	2040-09-21
the 6th of November 1993	1993-11-06
the 26th of May 1951	1951-05-26
Fri 17 Sep 1976	1976-09-17
Sat 11 Jun 2011	2011-06-11
September 24, 1958	1958-09-24
30 July 1993	1993-07-30
Sunday, December 26, 1965	1965-12-26
3.6.2034	2034-06-03
the 14th of May 2023	2023-05-14
September 10, 1960	1960-09-10
Wednesday, June 17, 1964	1964-06-17
27-Feb-1970	1970-02-27
Fri 8 Aug 1986	1986-08-08
the 1st of March 2013	2013-03-01
17-Jun-1962	1962-06-17
MAY 3 2020	2020-05-03
18-Nov-2047	2047-11-18
NOVEMBER 13 2044	2044-11-13
MARCH 10 2040	2040-03-10
August 24, 1987	1987-08-24
Wednesday, May 15, 1974	1974-05-15
2039/10/27	2039-10-27
the 25th of July 2034	2034-07-25
Sunday, June 19, 2033	2033-06-19
Tuesday, July 31, 2012	2012-07-31
Thursday, February 21, 1952	1952-02-21
Monday, June 29, 2020	2020-06-29
17.7.1993	1993-07-17
Fri 19 May 1967	1967-05-19
July 19, 2048	2048-07-19
Sat 26 Mar 1955	1955-03-26
July 30, 1951	1951-07-30
the 24th of October 2035	2035-10-24
Thursday the 23rd of January, 2025	2025-01-23
the 16th of June 2021	2021-06-16
APRIL 15 2009	2009-04-15
Wednesday, June 30, 2010	2010-06-30
07-Nov-2029	2029-11-07
MAY 23 2009	2009-05-23
Mon 26 Feb 2035	2035-02-26
2 October 1972	1972-10-02
Thursday, December 8, 2033	2033-12-08
Friday the 27th of April, 2040	2040-04-27
Sunday, January 24, 1982	1982-01-24
Wed 4 Jun 2025	2025-06-04
Sun 27 Jan 2013	2013-01-27
Sun 6 Jul 1986	1986-07-06
Wednesday, July 17, 2013	2013-07-17
Saturday, June 27, 2020	2020-06-27
12.10.2010	2010-10-12
November 23, 1963	1963-11-23
Wednesday the 3rd of July, 2047	2047-07-03
23.3.1999	1999-03-23
the 8th of January 1960	1960-01-08
19-Jul-1998	1998-07-19
Tuesday, February 25, 2014	2014-02-25
JUNE 22 2034	2034-06-22
Friday, February 2, 2035	2035-02-02
1975/05/15	1975-05-15
the 31st of October 2027	2027-10-31
02-Feb-1975	1975-02-02
23.8.1951	1951-08-23
16 January 2028	2028-01-16
the 1st of March 1968	1968-03-01
8 October 1988	1988-10-08
AUGUST 26 1972	1972-08-26
23-Mar-2036	2036-03-23
28 April 1950	1950-04-28
Mon 3 Feb 1986	1986-02-03
21-Sep-1954	1954-09-21
Thursday, May 16, 1974	1974-05-16
1981/06/02	1981-06-02
the 28th of November 1968	1968-11-28
Sunday the 23rd of September, 2046	2046-09-23
Saturday the 12th of January, 2041	2041-01-12
Mon 2 Dec 2019	2019-12-02
Monday the 26th of September, 2039	2039-09-26
Sunday the 21st of June, 2020	2020-06-21
JANUARY 28 1976	1976-01-28
Mon 12 Mar 1951	1951-03-12
2020/09/04	2020-09-04
Thursday, January 30, 1986	1986-01-30
February 14, 1967	1967-02-14
Wednesday the 3rd of October, 2040	2040-10-03
9 January 2032	2032-01-09
31.7.2016	2016-07-31
the 5th of October 1959	1959-10-05
27.10.1974	1974-10-27
the 27th of October 1965	1965-10-27
MARCH 19 1990	1990-03-19
Saturday the 6th of April, 1996	1996-04-06
Saturday, November 24, 1990	1990-11-24
26.5.1983	1983-05-26
the 27th of October 2002	2002-10-27
the 20th of September 1983	1983-09-20
22-Jun-1999	1999-06-22
2029/11/23	2029-11-23
19-Sep-1956	1956-09-19
the 26th of July 1986	1986-07-26
8.8.2015	2015-08-08
Monday the 13th of November, 2028	2028-11-13
OCTOBER 29 2031	2031-10-29
2011/10/29	2011-10-29
23-Dec-2038	2038-12-23
June 18, 1962	1962-06-18
16.5.2047	2047-05-16
the 13th of November 1981	1981-11-13
Friday, February 23, 2024	2024-02-23
May 8, 2048	2048-05-08
15 January 1967	1967-01-15
MAY 23 2018	2018-05-23
15 May 2037	2037-05-15
30.4.2015	2015-04-30
Wednesday the 20th of January, 2016	2016-01-20
Thursday, April 9, 1953	1953-04-09
the 10th of February 1984	1984-02-10
7 October 2037	2037-10-07
August 23, 1964	1964-08-23
30-Apr-1991	1991-04-30
Sun 7 Dec 1997	1997-12-07
18 August 1964	1964-08-18
Thursday, June 2, 2044	2044-06-02
21-Jun-1995	1995-06-21
2019/04/11	2019-04-11
MARCH 6 1986	1986-03-06
Sunday the 23rd of June, 2047	2047-06-23
FEBRUARY 16 2009	2009-02-16
Tue 25 Apr 2000	2000-04-25
APRIL 1 2025	2025-04-01
the 5th of November 2045	2045-11-05
Friday the 3rd of September, 1993	1993-09-03
November 9, 1953	1953-11-09
the 25th of November 1980	1980-11-25
7 December 1973	1973-12-07
21-Jul-2003	2003-07-21
2.12.2040	2040-12-02
5.4.2007	2007-04-05
April 24, 2011	2011-04-24
21 July 2003	2003-07-21
October 15, 1996	1996-10-15
Sunday the 15th of December, 2047	2047-12-15
Saturday the 29th of May, 1976	1976-05-29
1977/08/12	1977-08-12
July 15, 2004	2004-07-15
Monday the 2nd of March, 1998	1998-03-02
Mon 3 Aug 1987	1987-08-03
11 June 2019	2019-06-11
Monday, August 7, 2045	2045-08-07
23 August 1969	1969-08-23
4 March 2007	2007-03-04
2047/05/28	2047-05-28
Monday, November 4, 1974	1974-11-04
2024/07/03	2024-07-03
January 31, 1968	1968-01-31
1976/04/02	1976-04-02
Sunday the 31st of December, 2034	2034-12-31
Wednesday the 13th of June, 1951	1951-06-13
4.12.1994	1994-12-04
Sun 24 May 1953	1953-05-24
JANUARY 21 1998	1998-01-21
the 27th of June 2005	2005-06-27
Fri 4 Aug 1950	1950-08-04
Thursday, May 26, 1966	1966-05-26
16.10.1983	1983-10-16
NOVEMBER 25 1963	1963-11-25
August 17, 1987	1987-08-17
Mon 14 Mar 2005	2005-03-14
21 December 2000	2000-12-21
12 August 1957	1957-08-12
January 24, 1958	1958-01-24
Saturday, January 24, 2009	2009-01-24
Sat 28 Sep 2041	2041-09-28
4.4.1952	1952-04-04
April 18, 1977	1977-04-18
1965/07/22	1965-07-22
MARCH 24 2015	2015-03-24
01-Dec-2030	2030-12-01
MAY 30 2049	2049-05-30
2036/05/12	2036-05-12
Wednesday, January 16, 1963	1963-01-16
NOVEMBER 28 2048	2048-11-28
24-Dec-2014	2014-12-24
Friday the 3rd of December, 1954	1954-12-03
16.2.1976	1976-02-16
7 March 1953	1953-03-07
18.5.2034	2034-05-18
13 July 1977	1977-07-13
Monday, August 24, 1953	1953-08-24
1993/04/28	1993-04-28
Thu 6 Apr 2034	2034-04-06
Tue 6 Jul 1999	1999-07-06
9 October 2006	2006-10-09
Sun 23 May 2004	2004-05-23
Tuesday, January 24, 1956	1956-01-24
30.11.1983	1983-11-30
15-Mar-1973	1973-03-15
Friday, March 27, 2020	2020-03-27
19.4.2010	2010-04-19
10-May-2020	2020-05-10
Friday the 13th of June, 1975	1975-06-13
1964/08/19	1964-08-19
the 10th of April 1992	1992-04-10
Fri 14 Dec 2035	2035-12-14
20-Mar-2005	2005-03-20
5.2.2047	2047-02-05
1957/08/18	1957-08-18
2029/07/17	2029-07-17
2024/06/24	2024-06-24
1959/09/03	1959-09-03
Sunday the 9th of June, 2013	2013-06-09
03-Mar-2001	2001-03-03
November 23, 2014	2014-11-23
Thu 12 Aug 1965	1965-08-12
the 7th of February 1971	1971-02-07
29 December 2021	2021-12-29
23 January 1962	1962-01-23
Sunday, February 9, 1992	1992-02-09
Tuesday, October 20, 1987	1987-10-20
1.10.1961	1961-10-01
27-Nov-2042	2042-11-27
Thu 13 Jun 1974	1974-06-13
Friday, April 21, 2028	2028-04-21
21-Jun-2047	2047-06-21
Sunday, January 27, 2013	2013-01-27
08-Dec-2039	2039-12-08
Fri 5 Mar 1982	1982-03-05
the 20th of April 2009	2009-04-20
September 16, 2027	2027-09-16
the 15th of May 1976	1976-05-15
Wednesday the 19th of April, 1972	1972-04-19
2007/01/06	2007-01-06
1980/03/23	1980-03-23
12.4.2005	2005-04-12
the 12th of February 1993	1993-02-12
January 1, 2040	2040-01-01
15.10.1992	1992-10-15
25.6.1975	1975-06-25
8 May 1957	1957-05-08
2040/08/26	2040-08-26
JANUARY 22 2029	2029-01-22
04-Jul-1964	1964-07-04
23.1.1958	1958-01-23
5 October 2031	2031-10-05
8.6.2025	2025-06-08
1990/03/22	1990-03-22
NOVEMBER 28 2045	2045-11-28
April 9, 2009	2009-04-09
Wed 26 Sep 1990	1990-09-26
11 March 2045	2045-03-11
the 21st of April 1973	1973-04-21
the 13th of October 1951	1951-10-13
11 June 2033	2033-06-11
Saturday, March 7, 1970	1970-03-07
JULY 2 2022	2022-07-02
Monday the 23rd of November, 1970	1970-11-23
21.12.1995	1995-12-21
21.1.2048	2048-01-21
14.7.1970	1970-07-14
1961/10/04	1961-10-04
20-May-1952	1952-05-20
Wed 8 Jul 1970	1970-07-08
November 8, 2032	2032-11-08
the 28th of March 2014	2014-03-28
25-Dec-1996	1996-12-25
1995/04/05	1995-04-05
2009/08/22	2009-08-22
21.10.1990	1990-10-21
Monday the 21st of June, 2049	2049-06-21
the 10th of December 1951	1951-12-10
Sat 23 Nov 2019	2019-11-23
19-Nov-2047	2047-11-19
Tuesday the 15th of March, 2016	2016-03-15
2032/03/22	2032-03-22
31 August 2004	2004-08-31
3.5.1960	1960-05-03
JANUARY 25 2000	2000-01-25
December 14, 1993	1993-12-14
15-May-2023	2023-05-15
2042/03/01	2042-03-01
06-Jun-1965	1965-06-06
JULY 3 2048	2048-07-03
2011/01/16	2011-01-16
August 24, 1964	1964-08-24
Thursday, March 20, 2003	2003-03-20
6.10.1954	1954-10-06
JANUARY 15 1966	1966-01-15
Tuesday the 16th of February, 2049	2049-02-16
April 19, 2000	2000-04-19
Sun 19 Nov 2028	2028-11-19
Tue 24 Sep 1985	1985-09-24
26.10.2030	2030-10-26
2039/10/08	2039-10-08
23.10.2003	2003-10-23
29 April 1980	1980-04-29
Thursday, October 17, 1985	1985-10-17
12-Feb-1965	1965-02-12
23.6.1956	1956-06-23
16-Apr-2044	2044-04-16
Monday, October 12, 1998	1998-10-12
Wed 7 Jan 2032	2032-01-07
Tuesday, September 25, 1979	1979-09-25
DECEMBER 4 1954	1954-12-04
2017/09/22	2017-09-22
JUNE 10 2040	2040-06-10
Sunday the 4th of June, 2028	2028-06-04
the 28th of September 2001	2001-09-28
the 4th of September 2013	2013-09-04
Wednesday the 29th of April, 2026	2026-04-29
November 19, 1983	1983-11-19
DECEMBER 30 2021	2021-12-30
Tuesday the 10th of October, 1995	1995-10-10
Mon 22 Jan 1973	1973-01-22
17.11.2016	2016-11-17
MAY 10 2048	2048-05-10
Wed 28 Jun 2028	2028-06-28
the 13th of June 1960	1960-06-13
09-Jul-2024	2024-07-09
2049/07/02	2049-07-02
Thursday, February 4, 2016	2016-02-04
MAY 31 2036	2036-05-31
MARCH 17 2002	2002-03-17
26.10.1991	1991-10-26
JUNE 23 1989	1989-06-23
4.11.2047	2047-11-04
JUNE 5 2049	2049-06-05
Tuesday the 21st of May, 2002	2002-05-21
20-May-2018	2018-05-20
the 6th of June 2022	2022-06-06
7.5.1971	1971-05-07
25 March 1999	1999-03-25
Friday, March 29, 1957	1957-03-29
OCTOBER 14 1953	1953-10-14
1994/12/28	1994-12-28
12 April 2041	2041-04-12
2040/07/28	2040-07-28
Monday, April 13, 1987	1987-04-13
24-Oct-1966	1966-10-24
18 February 2021	2021-02-18
17.8.2005	2005-08-17
Saturday the 30th of November, 2002	2002-11-30
the 11th of June 1981	1981-06-11
17.1.2040	2040-01-17
6.2.1985	1985-02-06
11 July 1983	1983-07-11
the 13th of September 2017	2017-09-13
Mon 30 Nov 2043	2043-11-30
1.1.2046	2046-01-01
December 29, 1954	1954-12-29
28 May 2015	2015-05-28
the 16th of November 1976	1976-11-16
08-Jun-1959	1959-06-08
27 September 2040	2040-09-27
1967/12/12	1967-12-12
7.5.1970	1970-05-07
Tue 23 Mar 2021	2021-03-23
1987/07/23	1987-07-23
the 5th of June 2026	2026-06-05
the 7th of June 2021	2021-06-07
Sat 10 May 2036	2036-05-10
the 6th of August 2028	2028-08-06
2002/02/27	2002-02-27
MARCH 30 1953	1953-03-30
Friday the 17th of June, 1977	1977-06-17
MAY 12 1976	1976-05-12
19-Oct-2003	2003-10-19
DECEMBER 1 1958	1958-12-01
1988/05/29	1988-05-29
Tuesday the 25th of December, 1979	1979-12-25
February 15, 1982	1982-02-15
the 31st of October 2035	2035-10-31
5 November 1987	1987-11-05
the 24th of April 2012	2012-04-24
MARCH 31 1989	1989-03-31
the 30th of December 2033	2033-12-30
18.10.2019	2019-10-18
January 21, 1967	1967-01-21
SEPTEMBER 14 1971	1971-09-14
July 29, 1979	1979-07-29
Wednesday the 9th of July, 2036	2036-07-09
MAY 14 2000	2000-05-14
JUNE 16 1995	1995-06-16
Wednesday, December 10, 2014	2014-12-10
March 4, 1960	1960-03-04
17 June 1967	1967-06-17
Friday, January 2, 1987	1987-01-02
Thursday the 3rd of March, 1960	1960-03-03
2016/01/28	2016-01-28
Sunday, June 20, 1999	1999-06-20
Thursday the 8th of July, 2004	2004-07-08
6.2.1998	1998-02-06
14.7.2016	2016-07-14
FEBRUARY 28 2041	2041-02-28
22.7.1975	1975-07-22
25 September 1959	1959-09-25
15 May 1963	1963-05-15
23-Jan-1973	1973-01-23
MAY 6 2024	2024-05-06
Wednesday the 16th of September, 2026	2026-09-16
January 20, 2039	2039-01-20
19-Jan-1955	1955-01-19
19.3.1990	1990-03-19
SEPTEMBER 11 2030	2030-09-11
7 September 2019	2019-09-07
03-Nov-2047	2047-11-03
Tue 10 Oct 1967	1967-10-10
the 1st of May 1992	1992-05-01
October 29, 1959	1959-10-29
18.5.2006	2006-05-18
20-Mar-2029	2029-03-20
Friday, November 27, 2026	2026-11-27
Tue 9 Nov 2049	2049-11-09
1 August 2038	2038-08-01
APRIL 5 2049	2049-04-05
Wed 5 Oct 2022	2022-10-05
Saturday the 15th of August, 1970	1970-08-15
Sunday the 24th of February, 1963	1963-02-24
2038/08/04	2038-08-04
1.4.1957	1957-04-01
13.5.1986	1986-05-13
the 3rd of June 2049	2049-06-03
27-Oct-2027	2027-10-27
Friday the 3rd of April, 2037	2037-04-03
13.9.2037	2037-09-13
the 4th of August 1955	1955-08-04
24-Jan-1958	1958-01-24
the 4th of August 2043	2043-08-04
the 24th of September 1980	1980-09-24
Monday, September 9, 1957	1957-09-09
24.11.2008	2008-11-24
18.10.2030	2030-10-18
Thursday the 21st of January, 2038	2038-01-21
29-Sep-2031	2031-09-29
1954/07/26	1954-07-26
Wednesday, October 3, 2001	2001-10-03
Friday, October 5, 1951	1951-10-05
Thu 5 May 2011	2011-05-05
Sunday the 20th of April, 2036	2036-04-20
Wed 16 Oct 1957	1957-10-16
Friday, December 2, 1988	1988-12-02
Monday, January 11, 1982	1982-01-11
the 21st of July 1977	1977-07-21
01-May-1966	1966-05-01
February 20, 1969	1969-02-20
Tuesday, May 13, 2042	2042-05-13
9.9.1969	1969-09-09
Tuesday, October 28, 2031	2031-10-28
the 18th of October 1954	1954-10-18
2.6.1995	1995-06-02
1970/11/12	1970-11-12
the 5th of June 1990	1990-06-05
Friday, June 6, 2042	2042-06-06
1964/09/04	1964-09-04
Sunday, May 17, 1998	1998-05-17
Thu 2 Aug 1956	1956-08-02
Wednesday the 20th of August, 1975	1975-08-20
the 11th of September 1962	1962-09-11
17 June 2029	2029-06-17
Thu 4 Jan 2024	2024-01-04
December 15, 1965	1965-12-15
24 June 1985	1985-06-24
20.2.1959	1959-02-20
Sunday the 28th of May, 1950	1950-05-28
Fri 25 Jun 2010	2010-06-25
Saturday the 8th of September, 2046	2046-09-08
August 24, 2021	2021-08-24
28.10.1994	1994-10-28
5.7.2000	2000-07-05
September 1, 1973	1973-09-01
Mon 19 Mar 1979	1979-03-19
30-Sep-1987	1987-09-30
March 29, 2023	2023-03-29
the 5th of January 2015	2015-01-05
Thursday the 30th of August, 2007	2007-08-30
15 December 2022	2022-12-15
3 December 2039	2039-12-03
DECEMBER 20 2014	2014-12-20
30-Jul-2045	2045-07-30
12.4.1960	1960-04-12
the 29th of January 2006	2006-01-29
1 February 2033	2033-02-01
Tuesday the 24th of January, 1967	1967-01-24
the 17th of April 2045	2045-04-17
2041/05/15	2041-05-15
2011/06/06	2011-06-06
16.6.2029	2029-06-16
June 16, 2004	2004-06-16
Saturday the 20th of May, 1961	1961-05-20
December 19, 1963	1963-12-19
2043/04/19	2043-04-19
AUGUST 13 1988	1988-08-13
Fri 23 Sep 1983	1983-09-23
AUGUST 2 1954	1954-08-02
20-Aug-1984	1984-08-20
13-Jan-2012	2012-01-13
Thu 27 Feb 1958	1958-02-27
Thu 25 Oct 2046	2046-10-25
28-Oct-2012	2012-10-28
NOVEMBER 21 2002	2002-11-21
27-Sep-1981	1981-09-27
11 May 2044	2044-05-11
the 15th of March 2026	2026-03-15
11-Jul-1979	1979-07-11
Thursday, March 6, 1969	1969-03-06
Sunday, November 20, 1955	1955-11-20
Saturday the 4th of July, 1981	1981-07-04
31 October 2041	2041-10-31
Wednesday, November 3, 1965	1965-11-03
06-Jan-1975	1975-01-06
Sunday, June 3, 1984	1984-06-03
20 November 1972	1972-11-20
20.12.2008	2008-12-20
the 17th of August 2003	2003-08-17
2 February 2027	2027-02-02
2001/06/25	2001-06-25
Friday the 8th of January, 2027	2027-01-08
April 3, 2011	2011-04-03
the 26th of October 2024	2024-10-26
July 17, 2026	2026-07-17
AUGUST 16 2016	2016-08-16
1966/11/11	1966-11-11
Thursday the 16th of June, 2033	2033-06-16
10-Aug-2011	2011-08-10
02-Oct-2043	2043-10-02
Friday, June 25, 2010	2010-06-25
Sunday the 23rd of September, 2007	2007-09-23
Sunday the 22nd of October, 2017	2017-10-22
Wednesday, October 28, 1964	1964-10-28
Tue 3 Jul 1956	1956-07-03
JUNE 20 1998	1998-06-20
Tuesday the 27th of July, 1976	1976-07-27
Saturday, September 3, 1955	1955-09-03
Monday, September 1, 1986	1986-09-01
March 1, 1970	1970-03-01
September 15, 2004	2004-09-15
18-Aug-2027	2027-08-18
March 21, 2025	2025-03-21
30 April 2043	2043-04-30
5 December 1991	1991-12-05
Wed 26 Oct 1966	1966-10-26
Thursday the 5th of December, 2030	2030-12-05
the 9th of June 1971	1971-06-09
the 29th of April 2006	2006-04-29
March 28, 1999	1999-03-28
the 10th of June 1998	1998-06-10
16-May-2010	2010-05-16
09-Jul-1984	1984-07-09
the 30th of April 1970	1970-04-30
Saturday the 22nd of September, 1990	1990-09-22
January 17, 2006	2006-01-17
5.10.1990	1990-10-05
the 10th of March 2019	2019-03-10
the 12th of November 1997	1997-11-12
JANUARY 8 2018	2018-01-08
Monday, May 7, 2040	2040-05-07
26-May-1982	1982-05-26
OCTOBER 29 2016	2016-10-29
October 23, 1971	1971-10-23
the 5th of September 1950	1950-09-05
Wednesday the 22nd of June, 1960	1960-06-22
the 31st of May 2003	2003-05-31
the 21st of January 1952	1952-01-21
25.11.2031	2031-11-25
10 February 1976	1976-02-10
Thursday the 12th of September, 2019	2019-09-12
22 November 2037	2037-11-22
OCTOBER 28 1968	1968-10-28
07-Apr-2017	2017-04-07
Saturday the 5th of June, 2038	2038-06-05
Tue 20 Aug 2024	2024-08-20
Thursday the 13th of September, 1951	1951-09-13
01-Apr-2022	2022-04-01
1952/03/02	1952-03-02
Sunday the 8th of February, 2026	2026-02-08
DECEMBER 29 2049	2049-12-29
the 25th of August 1991	1991-08-25
26.3.2035	2035-03-26
5 February 1960	1960-02-05
14-Nov-1964	1964-11-14
April 3, 1966	1966-04-03
JANUARY 29 1953	1953-01-29
10-Mar-1968	1968-03-10
the 24th of April 2008	2008-04-24
23 February 2013	2013-02-23
08-Jan-1975	1975-01-08
the 29th of October 1967	1967-10-29
Thu 14 Jul 1955	1955-07-14
November 18, 1977	1977-11-18
Tuesday the 7th of August, 2040	2040-08-07
DECEMBER 31 2009	2009-12-31
Sunday the 10th of January, 2016	2016-01-10
JULY 25 2031	2031-07-25
Thursday the 15th of June, 2045	2045-06-15
the 3rd of November 2001	2001-11-03
02-Aug-2032	2032-08-02
2034/04/26	2034-04-26
8 June 2026	2026-06-08
13.7.1997	1997-07-13
27.7.1965	1965-07-27
20 March 2031	2031-03-20
October 18, 1975	1975-10-18
19-Feb-1991	1991-02-19
Friday the 4th of February, 1983	1983-02-04
2003/08/13	2003-08-13
May 19, 2043	2043-05-19
10.6.1959	1959-06-10
May 28, 2046	2046-05-28
April 22, 1971	1971-04-22
02-Jul-2026	2026-07-02
March 30, 2006	2006-03-30
24 May 1959	1959-05-24
JUNE 19 2036	2036-06-19
Wed 20 Aug 2042	2042-08-20
29-Jan-2044	2044-01-29
OCTOBER 30 1998	1998-10-30
Wednesday, January 1, 2014	2014-01-01
MARCH 25 1971	1971-03-25
31 January 1998	1998-01-31
Wednesday the 13th of September, 1989	1989-09-13
2008/10/01	2008-10-01
the 12th of July 1953	1953-07-12
Thursday the 28th of December, 1972	1972-12-28
Tuesday the 23rd of July, 1985	1985-07-23
14.5.1953	1953-05-14
13 March 2022	2022-03-13
25.6.1969	1969-06-25
September 29, 1982	1982-09-29
2.3.1951	1951-03-02
the 1st of September 2031	2031-09-01
APRIL 29 2043	2043-04-29
01-Jan-2004	2004-01-01
the 8th of October 1998	1998-10-08
2027/09/30	2027-09-30
Sun 1 May 1994	1994-05-01
17 April 2046	2046-04-17
Saturday, February 29, 1964	1964-02-29
JANUARY 12 2028	2028-01-12
the 4th of May 1954	1954-05-04
Wednesday the 22nd of June, 2011	2011-06-22
the 27th of December 1952	1952-12-27
MAY 23 1985	1985-05-23
Tuesday, March 24, 2020	2020-03-24
21 March 2032	2032-03-21
the 8th of May 2030	2030-05-08
Wednesday the 9th of March, 2044	2044-03-09
Sat 25 Nov 2000	2000-11-25
20-Apr-2001	2001-04-20
Thursday the 16th of January, 2020	2020-01-16
the 10th of March 1990	1990-03-10
the 16th of September 1950	1950-09-16
06-Dec-1995	1995-12-06
December 14, 2026	2026-12-14
July 16, 2004	2004-07-16
1958/03/25	1958-03-25
August 28, 2036	2036-08-28
Thu 4 Nov 2027	2027-11-04
May 6, 2041	2041-05-06
15.5.2017	2017-05-15
MAY 20 1958	1958-05-20
the 16th of July 1992	1992-07-16
Fri 9 Aug 1974	1974-08-09
1977/07/24	1977-07-24
Friday, January 20, 2006	2006-01-20
25 December 2012	2012-12-25
Wednesday, November 17, 2004	2004-11-17
OCTOBER 1 1954	1954-10-01
28 April 2009	2009-04-28
the 17th of October 1970	1970-10-17
13-Jan-1954	1954-01-13
17 December 2048	2048-12-17
Tuesday the 2nd of November, 1976	1976-11-02
12.8.1999	1999-08-12
23.10.1954	1954-10-23
the 27th of September 2033	2033-09-27
the 16th of March 1971	1971-03-16
the 1st of May 1987	1987-05-01
July 18, 1970	1970-07-18
Wednesday the 24th of August, 2022	2022-08-24
23-Aug-1970	1970-08-23
Tuesday the 29th of June, 2021	2021-06-29
AUGUST 18 2042	2042-08-18
12.1.2020	2020-01-12
2023/09/27	2023-09-27
February 22, 2013	2013-02-22
2006/03/24	2006-03-24
March 27, 2028	2028-03-27
30 June 1978	1978-06-30
December 18, 2044	2044-12-18
18-Jun-1970	1970-06-18
Friday, April 17, 2009	2009-04-17
2012/11/15	2012-11-15
16.3.2006	2006-03-16
AUGUST 19 2026	2026-08-19
2025/09/20	2025-09-20
Monday the 12th of April, 1971	1971-04-12
February 19, 2020	2020-02-19
1974/04/14	1974-04-14
Wednesday the 29th of November, 2045	2045-11-29
Monday, March 29, 1982	1982-03-29
the 14th of November 1975	1975-11-14
Monday the 28th of February, 2000	2000-02-28
Friday, May 2, 1958	1958-05-02
MARCH 11 1995	1995-03-11
the 3rd of October 1956	1956-10-03
Tuesday, June 23, 1959	1959-06-23
18 April 2041	2041-04-18
Tuesday, October 12, 2032	2032-10-12
2 October 1984	1984-10-02
the 25th of January 1965	1965-01-25
1.10.1972	1972-10-01
Monday, August 23, 2049	2049-08-23
Sat 8 Nov 1952	1952-11-08
the 28th of September 2045	2045-09-28
Thursday, September 4, 2036	2036-09-04
3.12.1989	1989-12-03
14-Aug-1960	1960-08-14
15.5.2035	2035-05-15
Fri 15 Mar 2002	2002-03-15
Thursday, February 10, 2011	2011-02-10
1952/04/27	1952-04-27
December 3, 2016	2016-12-03
26-Feb-2031	2031-02-26
7.3.2036	2036-03-07
19 December 1958	1958-12-19
Tuesday, June 11, 2013	2013-06-11
Sunday, June 12, 1994	1994-06-12
8.7.1955	1955-07-08
01-Apr-1970	1970-04-01
5.4.1985	1985-04-05
Friday the 16th of September, 1988	1988-09-16
31 March 1999	1999-03-31
Wednesday the 14th of November, 2040	2040-11-14
June 29, 1959	1959-06-29
the 4th of January 1952	1952-01-04
November 30, 1979	1979-11-30
Monday, August 11, 2014	2014-08-11
Friday the 23rd of October, 2015	2015-10-23
Thu 25 Sep 1975	1975-09-25
Sunday, June 10, 2046	2046-06-10
the 13th of April 1955	1955-04-13
Wed 18 Aug 1971	1971-08-18
31.12.1985	1985-12-31
25-Jan-2017	2017-01-25
OCTOBER 20 2016	2016-10-20
2043/08/12	2043-08-12
the 3rd of July 2046	2046-07-03
Friday, March 8, 1957	1957-03-08
the 4th of July 2018	2018-07-04
November 11, 2009	2009-11-11
OCTOBER 25 1957	1957-10-25
Sun 10 Feb 1963	1963-02-10
Saturday the 22nd of January, 2033	2033-01-22
15 March 1956	1956-03-15
11.3.1964	1964-03-11
2012/04/11	2012-04-11
15-Nov-1950	1950-11-15
the 17th of September 2024	2024-09-17
April 13, 2010	2010-04-13
Sunday, April 19, 2043	2043-04-19
2017/09/19	2017-09-19
MAY 25 2025	2025-05-25
the 7th of February 1999	1999-02-07
Thu 1 Oct 2043	2043-10-01
1 March 1950	1950-03-01
Thursday, July 18, 2030	2030-07-18
01-Jan-2027	2027-01-01
the 26th of May 2047	2047-05-26
Friday, December 5, 2042	2042-12-05
31.8.2045	2045-08-31
JULY 28 1961	1961-07-28
19 January 1972	1972-01-19
11.2.2015	2015-02-11
19-Nov-1963	1963-11-19
10-Jul-2043	2043-07-10
1971/04/03	1971-04-03
07-Jan-2027	2027-01-07
16-Jan-2002	2002-01-16
MARCH 10 2049	2049-03-10
Wednesday the 14th of April, 1993	1993-04-14
2.8.2019	2019-08-02
11.10.2039	2039-10-11
Saturday, March 5, 1983	1983-03-05
AUGUST 27 2023	2023-08-27
the 27th of January 2041	2041-01-27
Thursday, September 3, 1981	1981-09-03
August 1, 1991	1991-08-01
Tuesday the 16th of March, 2027	2027-03-16
1968/05/28	1968-05-28
Wednesday, January 25, 2040	2040-01-25
Wednesday, May 27, 2020	2020-05-27
Wed 20 Apr 2044	2044-04-20
Friday the 3rd of February, 1956	1956-02-03
MARCH 24 2003	2003-03-24
4.12.2047	2047-12-04
15 March 1965	1965-03-15
2.7.2046	2046-07-02
JULY 5 1975	1975-07-05
14-Jan-2038	2038-01-14
25.7.1955	1955-07-25
18.8.2026	2026-08-18
29 July 1978	1978-07-29
2009/06/13	2009-06-13
13 April 1995	1995-04-13
Thu 31 Dec 1959	1959-12-31
Sun 12 May 2013	2013-05-12
12-Feb-2026	2026-02-12
2015/09/18	2015-09-18
October 17, 2015	2015-10-17
19.3.1954	1954-03-19
30-Aug-1968	1968-08-30
Mon 9 Mar 2020	2020-03-09
Tuesday, January 4, 1972	1972-01-04
Friday, October 11, 1957	1957-10-11
Fri 2 Jan 1998	1998-01-02
Monday, November 22, 1993	1993-11-22
the 16th of August 2041	2041-08-16
the 18th of November 1993	1993-11-18
JANUARY 3 1993	1993-01-03
Thursday, December 12, 1985	1985-12-12
SEPTEMBER 10 2008	2008-09-10
1959/10/06	1959-10-06
Saturday, November 19, 2044	2044-11-19
2049/08/02	2049-08-02
1950/09/09	1950-09-09
Thursday the 3rd of November, 1983	1983-11-03
Tue 21 Jun 2039	2039-06-21
Fri 8 Aug 2031	2031-08-08
23 July 1978	1978-07-23
October 1, 1990	1990-10-01
31.3.2032	2032-03-31
SEPTEMBER 23 1982	1982-09-23
the 19th of November 1995	1995-11-19
5 April 2004	2004-04-05
September 28, 1979	1979-09-28
November 22, 1970	1970-11-22
2 February 1998	1998-02-02
Sunday, June 21, 2009	2009-06-21
OCTOBER 25 2018	2018-10-25
10.6.2034	2034-06-10
30 November 1955	1955-11-30
July 6, 2029	2029-07-06
24.3.2039	2039-03-24
JUNE 14 1970	1970-06-14
Tuesday, September 24, 1996	1996-09-24
Wed 16 Apr 2003	2003-04-16
FEBRUARY 11 2006	2006-02-11
1964/11/09	1964-11-09
March 22, 1975	1975-03-22
DECEMBER 1 1971	1971-12-01
27-Jun-2038	2038-06-27
JUNE 5 1978	1978-06-05
9.12.1969	1969-12-09
1984/02/26	1984-02-26
JANUARY 4 2011	2011-01-04
JULY 20 1961	1961-07-20
7.4.1950	1950-04-07
JULY 9 1956	1956-07-09
2028/05/07	2028-05-07
October 29, 2017	2017-10-29
4 August 1994	1994-08-04
03-Sep-2032	2032-09-03
July 23, 1970	1970-07-23
27 September 2011	2011-09-27
JUNE 8 1977	1977-06-08
Saturday the 1st of September, 1990	1990-09-01
APRIL 24 2019	2019-04-24
MARCH 9 1990	1990-03-09
Thursday, October 12, 2006	2006-10-12
April 15, 2040	2040-04-15
Mon 8 Jun 2037	2037-06-08
1967/12/01	1967-12-01
29 December 1952	1952-12-29
27.10.2030	2030-10-27
the 23rd of July 1988	1988-07-23
1978/06/08	1978-06-08
Wednesday the 2nd of January, 1963	1963-01-02
Thursday the 6th of March, 1969	1969-03-06
24 February 2002	2002-02-24
2002/03/19	2002-03-19
the 10th of September 2038	2038-09-10
16-Sep-1993	1993-09-16
Sunday, April 22, 1979	1979-04-22
Thursday the 1st of December, 1983	1983-12-01
1955/08/18	1955-08-18
4.10.1973	1973-10-04
25 July 1966	1966-07-25
Friday the 8th of October, 1965	1965-10-08
Wed 21 Mar 1979	1979-03-21
the 26th of February 1951	1951-02-26
December 5, 2016	2016-12-05
the 14th of January 1968	1968-01-14
11-Jul-1996	1996-07-11
NOVEMBER 22 2030	2030-11-22
11.6.2007	2007-06-11
21.4.1994	1994-04-21
Friday the 21st of November, 2003	2003-11-21
AUGUST 13 1982	1982-08-13
25 January 1979	1979-01-25
Wednesday the 11th of April, 2029	2029-04-11
November 11, 1972	1972-11-11
Sunday, July 3, 2039	2039-07-03
2.7.2003	2003-07-02
May 15, 2015	2015-05-15
Saturday, May 30, 1981	1981-05-30
Saturday the 29th of May, 1954	1954-05-29
21.11.1964	1964-11-21
the 23rd of October 2043	2043-10-23
December 26, 2022	2022-12-26
2030/04/15	2030-04-15
JUNE 12 1978	1978-06-12
Fri 23 Mar 1973	1973-03-23
Thu 3 Feb 2028	2028-02-03
Monday, June 7, 1965	1965-06-07
Mon 16 Oct 1950	1950-10-16
2033/06/24	2033-06-24
28-Feb-1967	1967-02-28
03-Oct-1991	1991-10-03
Wednesday the 14th of September, 2005	2005-09-14
17 September 1988	1988-09-17
May 18, 2038	2038-05-18
June 5, 1999	1999-06-05
1977/05/28	1977-05-28
Wednesday, April 27, 1955	1955-04-27
Monday, July 12, 1965	1965-07-12
27-Dec-2021	2021-12-27
23.7.2016	2016-07-23
November 11, 1992	1992-11-11
28 April 2030	2030-04-28
DECEMBER 26 2037	2037-12-26
Monday, June 30, 2031	2031-06-30
11-Dec-1996	1996-12-11
19.5.1997	1997-05-19
11.5.1989	1989-05-11
March 21, 2005	2005-03-21
2 January 1998	1998-01-02
Sunday the 30th of December, 2035	2035-12-30
the 8th of February 1993	1993-02-08
Thursday, December 13, 1979	1979-12-13
the 25th of July 1973	1973-07-25
Monday the 23rd of May, 1977	1977-05-23
15 March 2022	2022-03-15
JANUARY 5 2003	2003-01-05
MARCH 29 2048	2048-03-29
3.11.1989	1989-11-03
the 26th of September 2022	2022-09-26
the 17th of March 1961	1961-03-17
April 11, 2000	2000-04-11
the 12th of September 1961	1961-09-12
19 June 1956	1956-06-19
29-Mar-1967	1967-03-29
the 12th of May 2027	2027-05-12
September 3, 1965	1965-09-03
Sunday, February 16, 2025	2025-02-16
the 28th of April 1987	1987-04-28
14-Nov-2030	2030-11-14
2028/04/01	2028-04-01
25.10.1981	1981-10-25
July 21, 1965	1965-07-21
12-Mar-1976	1976-03-12
SEPTEMBER 2 2033	2033-09-02
Fri 22 Sep 1950	1950-09-22
20.3.2018	2018-03-20
2011/12/06	2011-12-06
MARCH 5 2039	2039-03-05
Wednesday the 26th of December, 2001	2001-12-26
Saturday, April 27, 2002	2002-04-27
20.2.2018	2018-02-20
Mon 25 Jul 2039	2039-07-25
September 25, 2048	2048-09-25
4 July 1983	1983-07-04
Friday the 14th of July, 2045	2045-07-14
the 2nd of December 2012	2012-12-02
Wednesday, August 1, 2012	2012-08-01
the 11th of April 2009	2009-04-11
the 2nd of March 1952	1952-03-02
January 9, 1975	1975-01-09
the 13th of June 2046	2046-06-13
the 12th of May 2008	2008-05-12
20 July 2040	2040-07-20
Sun 15 Aug 1971	1971-08-15
Thu 26 Apr 1979	1979-04-26
6.12.1992	1992-12-06
Fri 12 Sep 1986	1986-09-12
Saturday, June 11, 2016	2016-06-11
13 March 2010	2010-03-13
05-Sep-2041	2041-09-05
May 12, 1968	1968-05-12
Sunday, March 7, 2021	2021-03-07
1974/04/06	1974-04-06
SEPTEMBER 17 2005	2005-09-17
4.6.1989	1989-06-04
18-Jun-1996	1996-06-18
Friday, March 19, 1993	1993-03-19
the 29th of January 1986	1986-01-29
Sunday, August 27, 1978	1978-08-27
Wed 17 Jun 2048	2048-06-17
March 12, 1976	1976-03-12
Tuesday the 8th of April, 2014	2014-04-08
20 September 2025	2025-09-20
Sunday, May 11, 2036	2036-05-11
3 August 2046	2046-08-03
Fri 9 Sep 1994	1994-09-09
1986/01/31	1986-01-31
1 April 2040	2040-04-01
Saturday, February 15, 1986	1986-02-15
September 19, 1984	1984-09-19
1997/11/07	1997-11-07
4.7.1979	1979-07-04
Wed 23 Feb 1994	1994-02-23
Wednesday the 14th of July, 2038	2038-07-14
August 21, 1970	1970-08-21
Sun 10 Jan 1965	1965-01-10
the 22nd of July 2046	2046-07-22
2047/10/17	2047-10-17
December 8, 2044	2044-12-08
MARCH 9 1996	1996-03-09
2016/12/27	2016-12-27
3 August 1994	1994-08-03
Sun 18 Aug 2024	2024-08-18
Mon 13 Oct 2003	2003-10-13
29-Aug-2004	2004-08-29
26 July 1982	1982-07-26
26.8.2049	2049-08-26
10-Feb-2008	2008-02-10
1968/06/03	1968-06-03
28-Mar-2032	2032-03-28
1997/05/20	1997-05-20
6.4.1990	1990-04-06
Sunday the 24th of May, 2015	2015-05-24
Thursday, October 25, 2001	2001-10-25
November 27, 1989	1989-11-27
Thursday the 26th of June, 2025	2025-06-26
March 10, 1958	1958-03-10
the 26th of February 1975	1975-02-26
1957/01/29	1957-01-29
1968/04/08	1968-04-08
29 September 1990	1990-09-29
18 September 1963	1963-09-18
Thursday, March 24, 1955	1955-03-24
the 17th of March 1959	1959-03-17
1987/08/04	1987-08-04
23.12.2038	2038-12-23
Wednesday, July 29, 1964	1964-07-29
2015/07/14	2015-07-14
2021/08/20	2021-08-20
Tuesday the 21st of July, 1998	1998-07-21
02-May-1967	1967-05-02
09-Apr-2046	2046-04-09
04-Aug-2038	2038-08-04
Tuesday, April 6, 1971	1971-04-06
21-Jan-1997	1997-01-21
Fri 22 May 1959	1959-05-22
16.1.2014	2014-01-16
2.8.1959	1959-08-02
Saturday the 21st of September, 1968	1968-09-21
Wednesday the 17th of May, 1995	1995-05-17
Sun 24 May 2048	2048-05-24
Wed 27 Nov 2030	2030-11-27
SEPTEMBER 14 2041	2041-09-14
September 25, 2044	2044-09-25
19 September 2013	2013-09-19
Monday, November 27, 1961	1961-11-27
16 March 2006	2006-03-16
August 23, 2021	2021-08-23
Wed 7 Oct 2009	2009-10-07
June 26, 1964	1964-06-26
28-Jun-1981	1981-06-28
AUGUST 15 2036	2036-08-15
Monday the 24th of September, 1990	1990-09-24
Tuesday, April 2, 1957	1957-04-02
6 June 1982	1982-06-06
Tuesday the 27th of April, 2049	2049-04-27
the 17th of October 1986	1986-10-17
1968/09/25	1968-09-25
Monday the 19th of November, 2040	2040-11-19
Mon 24 Jun 1985	1985-06-24
Wednesday the 8th of October, 2003	2003-10-08
1950/05/28	1950-05-28
22-Dec-2046	2046-12-22
SEPTEMBER 21 1955	1955-09-21
June 2, 2007	2007-06-02
the 6th of February 1993	1993-02-06
Wednesday, August 10, 2011	2011-08-10
22.3.2042	2042-03-22
05-Mar-1971	1971-03-05
1951/11/14	1951-11-14
February 16, 2000	2000-02-16
Wednesday the 6th of June, 2001	2001-06-06
31-Aug-2030	2030-08-31
January 4, 2027	2027-01-04
29.11.1951	1951-11-29
Thursday, April 5, 2046	2046-04-05
1953/11/23	1953-11-23
Sunday the 20th of June, 1999	1999-06-20
14.6.2009	2009-06-14
Thu 21 Apr 1988	1988-04-21
14 September 2037	2037-09-14
the 30th of November 2006	2006-11-30
the 16th of June 1962	1962-06-16
Wed 18 Oct 1989	1989-10-18
SEPTEMBER 3 2032	2032-09-03
10.7.1995	1995-07-10
Thursday, February 21, 1974	1974-02-21
MARCH 19 1965	1965-03-19
1997/11/09	1997-11-09
APRIL 12 2012	2012-04-12
5 July 1979	1979-07-05
Tue 10 Oct 2023	2023-10-10
Thursday the 5th of January, 1967	1967-01-05
14 August 2029	2029-08-14
January 22, 2012	2012-01-22
22 September 2044	2044-09-22
NOVEMBER 10 2024	2024-11-10
Sun 25 Aug 1974	1974-08-25
the 18th of May 1953	1953-05-18
December 28, 2039	2039-12-28
22-Nov-1955	1955-11-22
Mon 20 Apr 2020	2020-04-20
Wednesday the 22nd of October, 1980	1980-10-22
25-Aug-2015	2015-08-25
24 September 1952	1952-09-24
November 25, 2038	2038-11-25
Thursday the 18th of June, 1953	1953-06-18
07-Apr-2020	2020-04-07
December 1, 1997	1997-12-01
28 August 2046	2046-08-28
18-Jun-2048	2048-06-18
Thursday, November 3, 2022	2022-11-03
Saturday, July 24, 2038	2038-07-24
the 14th of November 2048	2048-11-14
AUGUST 8 1961	1961-08-08
20.2.2014	2014-02-20
Monday, April 14, 1997	1997-04-14
OCTOBER 27 2001	2001-10-27
29.10.2008	2008-10-29
3 November 1951	1951-11-03
Sun 21 Oct 1951	1951-10-21
2031/11/29	2031-11-29
Wednesday, July 29, 2009	2009-07-29
22-Aug-1976	1976-08-22
12.5.1996	1996-05-12
the 4th of July 1963	1963-07-04
JANUARY 1 2027	2027-01-01
the 22nd of July 2034	2034-07-22
20.5.1965	1965-05-20
1982/01/29	1982-01-29
21.3.1978	1978-03-21
June 21, 1982	1982-06-21
the 12th of April 1997	1997-04-12
28.7.2043	2043-07-28
MARCH 24 1981	1981-03-24
1980/12/09	1980-12-09
Sun 10 Feb 2047	2047-02-10
JUNE 28 2040	2040-06-28
February 3, 1984	1984-02-03
1985/10/31	1985-10-31
13.7.2038	2038-07-13
Thursday the 24th of April, 1952	1952-04-24
09-Dec-2028	2028-12-09
the 19th of October 1987	1987-10-19
2015/11/09	2015-11-09
30 November 1992	1992-11-30
Friday, March 5, 2032	2032-03-05
March 24, 2032	2032-03-24
Wednesday the 27th of February, 1985	1985-02-27
2037/02/22	2037-02-22
Thu 7 Aug 2036	2036-08-07
Tuesday, January 27, 2032	2032-01-27
FEBRUARY 27 1992	1992-02-27
Saturday the 14th of November, 2026	2026-11-14
12.8.2034	2034-08-12
28.11.2049	2049-11-28
the 10th of December 2033	2033-12-10
the 20th of December 2038	2038-12-20
16-Sep-2027	2027-09-16
Wednesday the 3rd of June, 2009	2009-06-03
Friday, October 22, 2027	2027-10-22
MAY 12 2008	2008-05-12
11 February 1959	1959-02-11
3.3.1965	1965-03-03
Thursday the 7th of March, 2002	2002-03-07
02-Sep-1996	1996-09-02
25 May 2021	2021-05-25
Tue 22 May 2040	2040-05-22
the 15th of November 1950	1950-11-15
the 29th of May 1992	1992-05-29
Thu 3 Dec 2043	2043-12-03
the 27th of June 2016	2016-06-27
Wednesday, January 1, 2003	2003-01-01
10 May 1978	1978-05-10
21 February 2004	2004-02-21
Monday, January 14, 1952	1952-01-14
7 February 1991	1991-02-07
Thursday the 17th of February, 2028	2028-02-17
OCTOBER 6 2024	2024-10-06
December 6, 1968	1968-12-06
Friday the 8th of August, 2031	2031-08-08
FEBRUARY 22 1986	1986-02-22
SEPTEMBER 3 2042	2042-09-03
May 15, 2013	2013-05-15
the 27th of November 1968	1968-11-27
Friday, April 15, 1955	1955-04-15
Saturday the 25th of August, 1962	1962-08-25
8.4.2042	2042-04-08
Saturday, April 17, 1965	1965-04-17
January 27, 2023	2023-01-27
JULY 15 2006	2006-07-15
June 21, 2040	2040-06-21
the 2nd of April 1996	1996-04-02
1986/08/05	1986-08-05
Tuesday, February 8, 2022	2022-02-08
January 27, 2009	2009-01-27
Wednesday the 10th of October, 1990	1990-10-10
27-Aug-2023	2023-08-27
24 August 2014	2014-08-24
11.7.2034	2034-07-11
18-Mar-1959	1959-03-18
Tue 25 May 2010	2010-05-25
20.4.2035	2035-04-20
Tuesday, June 18, 1974	1974-06-18
Tuesday the 25th of March, 2008	2008-03-25
the 14th of November 1987	1987-11-14
16 April 1982	1982-04-16
2.2.2034	2034-02-02
1982/06/30	1982-06-30
Sat 10 Jul 2004	2004-07-10
26.12.2019	2019-12-26
Monday the 4th of December, 1989	1989-12-04
09-Mar-1981	1981-03-09
Sat 7 Jul 1990	1990-07-07
Wed 15 Sep 2004	2004-09-15
February 26, 1981	1981-02-26
Monday the 16th of March, 1987	1987-03-16
20-Feb-1979	1979-02-20
Thursday the 13th of June, 2047	2047-06-13
Wednesday the 19th of September, 2012	2012-09-19
2000/09/21	2000-09-21
the 28th of May 2013	2013-05-28
February 15, 1988	1988-02-15
JULY 5 2026	2026-07-05
Friday the 17th of October, 1958	1958-10-17
24 July 1971	1971-07-24
8 February 1964	1964-02-08
NOVEMBER 10 1979	1979-11-10
4 August 2031	2031-08-04
June 29, 2008	2008-06-29
the 1st of July 1950	1950-07-01
JUNE 8 2030	2030-06-08
Thursday, August 12, 1976	1976-08-12
26-Jun-2016	2016-06-26
07-Aug-2034	2034-08-07
Thu 25 Nov 1982	1982-11-25
the 23rd of February 1997	1997-02-23
the 17th of March 1989	1989-03-17
the 27th of February 2046	2046-02-27
July 29, 1988	1988-07-29
Sunday the 21st of November, 2027	2027-11-21
JUNE 20 1975	1975-06-20
02-Jun-2013	2013-06-02
1965/02/02	1965-02-02
5 March 1953	1953-03-05
2020/10/02	2020-10-02
January 29, 2042	2042-01-29
APRIL 16 2006	2006-04-16
November 19, 2022	2022-11-19
Wed 11 Mar 1987	1987-03-11
Monday the 27th of April, 2015	2015-04-27
Sunday the 13th of June, 1965	1965-06-13
Sunday the 8th of July, 2007	2007-07-08
Sun 15 Feb 1998	1998-02-15
1951/05/10	1951-05-10
MAY 24 2019	2019-05-24
MAY 29 1988	1988-05-29
7.2.1958	1958-02-07
14 November 2016	2016-11-14
11.1.2040	2040-01-11
12 January 2015	2015-01-12
Sun 19 Sep 2049	2049-09-19
28-Nov-2012	2012-11-28
Tue 25 Nov 2008	2008-11-25
6.7.1951	1951-07-06
Monday the 23rd of July, 1962	1962-07-23
Sun 17 Jun 2046	2046-06-17
OCTOBER 30 1983	1983-10-30
APRIL 27 1959	1959-04-27
the 23rd of February 2002	2002-02-23
Thursday the 7th of March, 2019	2019-03-07
6.10.2013	2013-10-06
Sun 13 Feb 2005	2005-02-13
2.3.1982	1982-03-02
1995/07/26	1995-07-26
Sunday the 11th of November, 2018	2018-11-11
the 21st of November 2020	2020-11-21
Wednesday the 12th of August, 1970	1970-08-12
MARCH 24 2035	2035-03-24
Thursday, March 30, 1989	1989-03-30
May 6, 1953	1953-05-06
September 6, 1968	1968-09-06
2013/02/23	2013-02-23
the 22nd of December 2003	2003-12-22
the 22nd of January 1973	1973-01-22
September 25, 2016	2016-09-25
30.3.1970	1970-03-30
Friday the 1st of July, 2039	2039-07-01
12 September 2045	2045-09-12
Sat 28 Dec 2013	2013-12-28
NOVEMBER 23 1971	1971-11-23
October 28, 2044	2044-10-28
Saturday, June 16, 2001	2001-06-16
12-Mar-2043	2043-03-12
2006/10/07	2006-10-07
JUNE 3 2018	2018-06-03
Sat 12 Oct 1968	1968-10-12
Tuesday the 9th of November, 2038	2038-11-09
Sunday the 10th of October, 1999	1999-10-10
15.1.1988	1988-01-15
Thursday, April 18, 1985	1985-04-18
8.2.1957	1957-02-08
25.10.1964	1964-10-25
3 August 2008	2008-08-03
18-Aug-2007	2007-08-18
April 30, 1953	1953-04-30
Friday, April 1, 1960	1960-04-01
29 January 1991	1991-01-29
Friday, August 30, 1974	1974-08-30
Fri 28 Dec 2035	2035-12-28
Tue 4 Nov 2003	2003-11-04
Sunday the 5th of January, 2042	2042-01-05
Tuesday the 4th of March, 1980	1980-03-04
December 25, 2048	2048-12-25
10-Oct-2013	2013-10-10
Fri 12 Aug 1955	1955-08-12
31 January 1971	1971-01-31
2 April 1980	1980-04-02
2004/09/16	2004-09-16
Thu 15 Dec 1983	1983-12-15
Thursday the 3rd of July, 2008	2008-07-03
December 8, 2036	2036-12-08
10-Jan-1996	1996-01-10
29-Nov-2006	2006-11-29
Friday, January 30, 2004	2004-01-30
6.9.1981	1981-09-06
Monday, March 25, 1963	1963-03-25
Tue 18 Feb 2048	2048-02-18
28-May-1987	1987-05-28
18.9.2048	2048-09-18
Mon 6 Jun 2033	2033-06-06
the 3rd of November 1984	1984-11-03
Sat 9 Jul 1988	1988-07-09
Sunday, January 4, 2009	2009-01-04
Sunday the 15th of September, 2002	2002-09-15
Friday the 3rd of March, 1972	1972-03-03
the 15th of October 1997	1997-10-15
Wednesday the 15th of March, 2045	2045-03-15
03-Sep-2016	2016-09-03
Saturday, August 15, 2037	2037-08-15
the 2nd of March 1984	1984-03-02
2032/05/17	2032-05-17
1982/02/22	1982-02-22
the 3rd of August 2043	2043-08-03
1.5.1995	1995-05-01
07-Jul-1990	1990-07-07
18 July 1994	1994-07-18
27-Apr-1990	1990-04-27
Tue 9 Nov 1982	1982-11-09
10 February 2001	2001-02-10
21 February 2017	2017-02-21
the 1st of March 1998	1998-03-01
18.8.1994	1994-08-18
MARCH 22 2006	2006-03-22
October 22, 2015	2015-10-22
July 3, 2049	2049-07-03
Tuesday the 28th of July, 1953	1953-07-28
Wednesday, August 29, 2035	2035-08-29
May 23, 2000	2000-05-23
29-Jun-1953	1953-06-29
March 1, 2014	2014-03-01
MAY 22 1979	1979-05-22
2008/11/05	2008-11-05
FEBRUARY 12 1999	1999-02-12
23-Apr-2042	2042-04-23
Sun 3 Apr 1994	1994-04-03
Thursday the 25th of December, 2036	2036-12-25
Friday, August 16, 1957	1957-08-16
Wednesday the 21st of October, 2043	2043-10-21
Wed 10 Jul 1991	1991-07-10
the 7th of June 1958	1958-06-07
March 6, 2041	2041-03-06
Sat 23 Mar 1996	1996-03-23
September 16, 1955	1955-09-16
OCTOBER 2 2017	2017-10-02
1958/02/09	1958-02-09
Thu 20 Aug 1953	1953-08-20
the 2nd of August 1978	1978-08-02
October 14, 1973	1973-10-14
Sunday the 4th of February, 1996	1996-02-04
DECEMBER 26 1962	1962-12-26
the 19th of April 1953	1953-04-19
Monday, March 8, 1999	1999-03-08
28.12.2003	2003-12-28
Mon 29 May 1995	1995-05-29
25.4.2044	2044-04-25
Wednesday, April 4, 2040	2040-04-04
25 December 1977	1977-12-25
August 7, 1989	1989-08-07
Fri 16 Jul 2021	2021-07-16
DECEMBER 13 1965	1965-12-13
Wednesday the 16th of March, 2005	2005-03-16
1.1.2022	2022-01-01
Thu 19 Feb 2026	2026-02-19
Sun 23 Jul 2034	2034-07-23
13 July 2045	2045-07-13
24 September 1976	1976-09-24
Sunday the 26th of August, 1973	1973-08-26
Saturday, April 4, 1998	1998-04-04
6 June 1991	1991-06-06
the 27th of August 2013	2013-08-27
20-Feb-1969	1969-02-20
2001/09/25	2001-09-25
Sat 25 Oct 2025	2025-10-25
APRIL 1 1981	1981-04-01
27 March 2029	2029-03-27
1965/04/10	1965-04-10
11 September 2017	2017-09-11
JUNE 14 2016	2016-06-14
2041/04/16	2041-04-16
Sunday the 4th of April, 2010	2010-04-04
MARCH 23 1952	1952-03-23
Sat 5 May 1984	1984-05-05
2001/07/26	2001-07-26
6 June 1969	1969-06-06
28.8.1980	1980-08-28
Wednesday the 17th of November, 1999	1999-11-17
20.11.2040	2040-11-20
Monday, November 24, 1952	1952-11-24
03-Feb-2005	2005-02-03
the 17th of August 2020	2020-08-17
17 December 2012	2012-12-17
December 16, 1975	1975-12-16
1969/06/08	1969-06-08
2.5.2039	2039-05-02
Friday, April 11, 2031	2031-04-11
Monday the 27th of August, 1951	1951-08-27
24 March 2034	2034-03-24
2024/01/27	2024-01-27
the 23rd of January 2035	2035-01-23
Thursday the 14th of June, 1956	1956-06-14
the 27th of October 2046	2046-10-27
14-Apr-2013	2013-04-14
21 October 2044	2044-10-21
Friday the 4th of May, 1962	1962-05-04
JANUARY 17 2001	2001-01-17
19-Feb-2000	2000-02-19
the 15th of February 2025	2025-02-15
Monday, April 6, 1953	1953-04-06
2000/09/02	2000-09-02
Tuesday the 17th of December, 2024	2024-12-17
SEPTEMBER 16 1953	1953-09-16
MARCH 8 2028	2028-03-08
08-Mar-1980	1980-03-08
April 25, 2000	2000-04-25
23 June 1973	1973-06-23
1955/02/04	1955-02-04
Sunday the 9th of December, 1951	1951-12-09
2007/12/16	2007-12-16
the 29th of August 2044	2044-08-29
Wed 10 Sep 2042	2042-09-10
7.3.1977	1977-03-07
Saturday, February 13, 1971	1971-02-13
Friday the 22nd of November, 2047	2047-11-22
1966/06/19	1966-06-19
Thursday, April 20, 2023	2023-04-20
24 February 2030	2030-02-24
Mon 2 Feb 2026	2026-02-02
12 March 2025	2025-03-12
February 20, 1989	1989-02-20
Thursday the 10th of July, 2031	2031-07-10
Friday, February 28, 2025	2025-02-28
03-Mar-2033	2033-03-03
Wednesday, September 8, 2032	2032-09-08
3.5.2040	2040-05-03
Sat 30 Nov 1974	1974-11-30
1983/07/20	1983-07-20
Saturday the 15th of April, 2006	2006-04-15
the 25th of August 2027	2027-08-25
Sunday the 14th of September, 1952	1952-09-14
Sunday the 27th of December, 1981	1981-12-27
NOVEMBER 24 2030	2030-11-24
JUNE 13 1959	1959-06-13
the 2nd of June 1976	1976-06-02
Wednesday the 6th of April, 1955	1955-04-06
Friday, May 22, 2015	2015-05-22
Saturday the 21st of August, 2010	2010-08-21
November 5, 1969	1969-11-05
Saturday, June 18, 2011	2011-06-18
2020/03/29	2020-03-29
Sun 18 Oct 1981	1981-10-18
04-Mar-2025	2025-03-04
Fri 28 Apr 1961	1961-04-28
Sunday the 10th of June, 2040	2040-06-10
1991/06/21	1991-06-21
5 February 2019	2019-02-05
Monday the 9th of January, 1995	1995-01-09
Sun 26 Dec 1976	1976-12-26
Thu 21 Dec 2023	2023-12-21
Sun 28 Oct 2029	2029-10-28
May 23, 1992	1992-05-23
June 28, 2012	2012-06-28
13.2.1977	1977-02-13
29-Mar-1981	1981-03-29
JUNE 28 2049	2049-06-28
14 July 1970	1970-07-14
JUNE 13 2015	2015-06-13
Friday the 14th of June, 2019	2019-06-14
Sunday, December 6, 2009	2009-12-06
Wednesday the 8th of October, 1980	1980-10-08
DECEMBER 16 1992	1992-12-16
October 24, 1958	1958-10-24
Monday, February 7, 2005	2005-02-07
14-Apr-2021	2021-04-14
Sat 21 Nov 1959	1959-11-21
Sun 10 Dec 1989	1989-12-10
10.3.2047	2047-03-10
AUGUST 16 2009	2009-08-16
Saturday the 25th of June, 1960	1960-06-25
Tue 15 Jan 2002	2002-01-15
31-Jul-1960	1960-07-31
Wednesday the 22nd of May, 2002	2002-05-22
27 March 2012	2012-03-27
12 June 1997	1997-06-12
28.7.2001	2001-07-28
1968/08/17	1968-08-17
Tuesday the 26th of December, 2023	2023-12-26
11-Feb-2048	2048-02-11
23.9.1990	1990-09-23
Sunday, August 23, 2048	2048-08-23
Saturday the 22nd of August, 2037	2037-08-22
the 19th of January 2020	2020-01-19
Wednesday, November 18, 2020	2020-11-18
06-Oct-1990	1990-10-06
02-May-2009	2009-05-02
the 16th of September 2012	2012-09-16
JUNE 27 2031	2031-06-27
Friday, March 2, 2029	2029-03-02
29 March 2012	2012-03-29
1957/07/27	1957-07-27
the 24th of November 1977	1977-11-24
1975/12/22	1975-12-22
October 8, 2006	2006-10-08
Fri 20 Sep 2041	2041-09-20
03-Apr-2035	2035-04-03
15.4.1994	1994-04-15
Fri 20 Jun 1980	1980-06-20
20.12.2039	2039-12-20
the 13th of January 2041	2041-01-13
MARCH 26 2028	2028-03-26
Thursday, December 7, 2034	2034-12-07
Sun 29 Sep 2041	2041-09-29
20 January 2012	2012-01-20
February 6, 1959	1959-02-06
2041/12/11	2041-12-11
DECEMBER 29 1971	1971-12-29
the 19th of May 1951	1951-05-19
the 19th of September 1980	1980-09-19
Wednesday, September 30, 2048	2048-09-30
the 27th of April 2022	2022-04-27
February 22, 1985	1985-02-22
July 31, 2044	2044-07-31
NOVEMBER 13 2032	2032-11-13
Wednesday the 30th of June, 2032	2032-06-30
Thursday, August 28, 2008	2008-08-28
1993/05/27	1993-05-27
17 December 1983	1983-12-17
06-Oct-2011	2011-10-06
Tue 7 Oct 2042	2042-10-07
Sunday, September 21, 2031	2031-09-21
NOVEMBER 27 1961	1961-11-27
the 18th of October 1964	1964-10-18
May 25, 2000	2000-05-25
December 28, 2003	2003-12-28
25 February 2047	2047-02-25
21 November 2026	2026-11-21
19-May-1973	1973-05-19
MAY 18 2008	2008-05-18
MARCH 26 2024	2024-03-26
the 2nd of November 2004	2004-11-02
December 29, 1955	1955-12-29
DECEMBER 17 2021	2021-12-17
2015/02/15	2015-02-15
MAY 9 1987	1987-05-09
January 9, 1983	1983-01-09
23.11.1967	1967-11-23
18.9.2027	2027-09-18
November 29, 2005	2005-11-29
6 January 2040	2040-01-06
27.12.2010	2010-12-27
23 March 1980	1980-03-23
21.6.1955	1955-06-21
March 24, 2005	2005-03-24
7 August 2012	2012-08-07
17-Mar-1980	1980-03-17
4.5.2001	2001-05-04
2033/01/03	2033-01-03
Thursday, October 12, 2028	2028-10-12
8 June 2033	2033-06-08
Sunday the 24th of August, 2042	2042-08-24
21.9.1953	1953-09-21
21 October 1996	1996-10-21
June 15, 2020	2020-06-15
December 17, 1960	1960-12-17
OCTOBER 28 1962	1962-10-28
2039/02/03	2039-02-03
7 March 1993	1993-03-07
February 28, 2007	2007-02-28
Wednesday, December 29, 1971	1971-12-29
14 June 1990	1990-06-14
March 25, 1983	1983-03-25
September 3, 2031	2031-09-03
28 April 1978	1978-04-28
2040/09/12	2040-09-12
4 February 1970	1970-02-04
1 July 1967	1967-07-01
Sat 2 Jul 2033	2033-07-02
15.3.2032	2032-03-15
the 11th of December 1984	1984-12-11
7 December 1956	1956-12-07
13-Jun-2021	2021-06-13
August 18, 1970	1970-08-18
JULY 10 2011	2011-07-10
Tuesday the 2nd of March, 1982	1982-03-02
30.7.2040	2040-07-30
11 December 2008	2008-12-11
1984/03/14	1984-03-14
Tuesday the 25th of June, 2030	2030-06-25
1970/10/20	1970-10-20
Thu 8 Jul 1976	1976-07-08
16.12.2008	2008-12-16
the 5th of August 1983	1983-08-05
Thursday the 11th of December, 2031	2031-12-11
26-Aug-1954	1954-08-26
Thursday, October 13, 2039	2039-10-13
SEPTEMBER 30 2039	2039-09-30
Sun 28 Mar 1954	1954-03-28
2027/05/15	2027-05-15
June 1, 1981	1981-06-01
the 7th of April 2001	2001-04-07
14.8.1982	1982-08-14
2038/11/05	2038-11-05
27.4.2006	2006-04-27
Fri 15 Dec 2006	2006-12-15
May 16, 1952	1952-05-16
8.11.2040	2040-11-08
1989/04/21	1989-04-21
19 April 2034	2034-04-19
the 19th of January 1994	1994-01-19
Thursday the 11th of February, 1971	1971-02-11
12 September 2008	2008-09-12
06-Sep-1973	1973-09-06
20.10.1988	1988-10-20
Fri 18 May 2035	2035-05-18
27 July 1951	1951-07-27
Monday the 25th of July, 2033	2033-07-25
FEBRUARY 8 1973	1973-02-08
Sun 12 Sep 1993	1993-09-12
Thu 4 Apr 1996	1996-04-04
Monday the 18th of February, 2041	2041-02-18
19 September 1977	1977-09-19
the 12th of September 1993	1993-09-12
3 June 1986	1986-06-03
October 26, 1988	1988-10-26
AUGUST 14 1986	1986-08-14
the 7th of March 2001	2001-03-07
14.9.1991	1991-09-14
21.1.2018	2018-01-21
1953/12/26	1953-12-26
Monday the 26th of February, 2018	2018-02-26
Thu 3 Oct 2024	2024-10-03
14.11.2018	2018-11-14
Tuesday, May 27, 1958	1958-05-27
4 June 1951	1951-06-04
1996/07/10	1996-07-10
Friday the 23rd of May, 1952	1952-05-23
12.6.2022	2022-06-12
Tue 10 Dec 1968	1968-12-10
the 9th of February 2010	2010-02-09
25 July 2028	2028-07-25
18 October 2024	2024-10-18
19 February 1992	1992-02-19
AUGUST 1 2006	2006-08-01
20 April 2032	2032-04-20
Wed 17 Sep 2008	2008-09-17
Tue 1 May 2018	2018-05-01
November 13, 1954	1954-11-13
23 October 2020	2020-10-23
Wednesday, April 13, 1966	1966-04-13
Monday, February 18, 1974	1974-02-18
18-Apr-2040	2040-04-18
DECEMBER 22 2035	2035-12-22
May 7, 2022	2022-05-07
27-Jul-1988	1988-07-27
the 9th of October 1961	1961-10-09
Monday the 2nd of June, 2014	2014-06-02
the 1st of December 2024	2024-12-01
the 12th of October 2040	2040-10-12
MARCH 25 2008	2008-03-25
25 June 1999	1999-06-25
NOVEMBER 6 2022	2022-11-06
Monday the 2nd of November, 1992	1992-11-02
Sat 8 Nov 2036	2036-11-08
10 May 2035	2035-05-10
23.2.1989	1989-02-23
Saturday, April 13, 2041	2041-04-13
2002/02/02	2002-02-02
4 August 1996	1996-08-04
the 13th of May 1951	1951-05-13
Wed 2 May 1956	1956-05-02
Thursday, November 8, 2018	2018-11-08
10-Oct-2016	2016-10-10
Sun 21 Dec 2003	2003-12-21
Friday, February 27, 1959	1959-02-27
DECEMBER 26 1991	1991-12-26
02-Apr-2024	2024-04-02
16.4.2020	2020-04-16
28 July 1968	1968-07-28
19-Sep-2017	2017-09-19
Thursday the 28th of March, 2024	2024-03-28
29 March 1962	1962-03-29
Friday, December 6, 2041	2041-12-06
07-Jun-2018	2018-06-07
1985/01/22	1985-01-22
16-Sep-1998	1998-09-16
October 29, 2022	2022-10-29
Sat 9 Feb 1963	1963-02-09
Saturday, February 1, 1986	1986-02-01
Saturday, February 9, 2030	2030-02-09
Mon 4 Dec 1967	1967-12-04
Monday the 21st of August, 2006	2006-08-21
June 29, 2009	2009-06-29
Wednesday the 8th of May, 2002	2002-05-08
OCTOBER 20 2003	2003-10-20
January 19, 1981	1981-01-19
Saturday the 21st of October, 1978	1978-10-21
15-Sep-1974	1974-09-15
the 23rd of January 2000	2000-01-23
Sun 8 Feb 1959	1959-02-08
06-Sep-2008	2008-09-06
24.1.1990	1990-01-24
29.10.2039	2039-10-29
Tue 5 Dec 2000	2000-12-05
06-Oct-2014	2014-10-06
the 23rd of June 2024	2024-06-23
the 21st of January 2004	2004-01-21
Sunday, April 9, 2006	2006-04-09
Thursday the 18th of August, 2039	2039-08-18
1965/01/10	1965-01-10
Tuesday the 25th of November, 2042	2042-11-25
20.6.1996	1996-06-20
the 24th of August 2032	2032-08-24
30.12.1986	1986-12-30
Friday, May 30, 1975	1975-05-30
8.5.2001	2001-05-08
the 16th of August 1974	1974-08-16
1999/01/23	1999-01-23
Wed 19 Aug 2015	2015-08-19
4.10.2047	2047-10-04
Wednesday the 4th of June, 1975	1975-06-04
Wed 24 Dec 2042	2042-12-24
1982/05/21	1982-05-21
the 10th of January 1958	1958-01-10
February 16, 2025	2025-02-16
29 September 2010	2010-09-29
14.11.2008	2008-11-14
1970/03/14	1970-03-14
Monday, December 14, 2020	2020-12-14
28.7.1983	1983-07-28
17 June 2024	2024-06-17
22.10.1963	1963-10-22
Sunday the 6th of August, 1961	1961-08-06
Monday the 3rd of September, 2046	2046-09-03
the 9th of March 1960	1960-03-09
the 11th of September 1965	1965-09-11
2044/06/20	2044-06-20
the 10th of October 2027	2027-10-10
Tuesday the 9th of October, 1956	1956-10-09
Tue 27 Jan 1998	1998-01-27
Tuesday, July 2, 2047	2047-07-02
1964/12/15	1964-12-15
25-Dec-1957	1957-12-25
February 15, 1970	1970-02-15
June 4, 2025	2025-06-04
13.12.1973	1973-12-13
Sat 18 Apr 1998	1998-04-18
the 29th of April 2032	2032-04-29
15-Apr-1967	1967-04-15
1991/04/28	1991-04-28
JUNE 14 1959	1959-06-14
Monday the 16th of April, 1956	1956-04-16
16.11.2011	2011-11-16
14-Sep-1952	1952-09-14
Friday the 1st of March, 1974	1974-03-01
11-Jan-2022	2022-01-11
20.11.2025	2025-11-20
2030/09/23	2030-09-23
22-Nov-2031	2031-11-22
the 29th of January 2045	2045-01-29
14.1.2008	2008-01-14
Mon 24 Apr 2006	2006-04-24
9 July 1978	1978-07-09
Saturday, November 19, 2016	2016-11-19
the 30th of May 2011	2011-05-30
Tue 13 Jun 2017	2017-06-13
04-Oct-2037	2037-10-04
20 April 2030	2030-04-20
Monday the 8th of January, 2029	2029-01-08
Wednesday, October 28, 1970	1970-10-28
Wednesday, August 18, 1971	1971-08-18
the 9th of August 1983	1983-08-09
Saturday the 25th of July, 2015	2015-07-25
DECEMBER 6 2013	2013-12-06
Monday the 18th of July, 2016	2016-07-18
March 28, 2010	2010-03-28
18.1.1969	1969-01-18
the 8th of November 1975	1975-11-08
Thursday, August 20, 2009	2009-08-20
19.5.1964	1964-05-19
DECEMBER 4 1952	1952-12-04
06-Jun-1995	1995-06-06
February 9, 2021	2021-02-09
the 9th of December 2036	2036-12-09
21-May-1963	1963-05-21
1957/05/12	1957-05-12
JANUARY 6 2014	2014-01-06
5.5.1997	1997-05-05
29-Apr-2021	2021-04-29
Wednesday, October 11, 2034	2034-10-11
the 15th of September 1982	1982-09-15
Sat 10 Feb 2024	2024-02-10
Tue 14 Jun 1983	1983-06-14
10-Dec-1981	1981-12-10
Tue 2 Jul 1963	1963-07-02
19 March 1991	1991-03-19
12-Jun-2005	2005-06-12
December 12, 2043	2043-12-12
13 October 1959	1959-10-13
1984/02/16	1984-02-16
Sunday, August 25, 1968	1968-08-25
17-May-1996	1996-05-17
09-Apr-2002	2002-04-09
16 July 1959	1959-07-16
Wednesday, July 18, 1990	1990-07-18
04-Mar-2039	2039-03-04
Mon 18 Feb 1957	1957-02-18
Tuesday the 4th of December, 2040	2040-12-04
29-Mar-2009	2009-03-29
24.8.1979	1979-08-24
26 December 1965	1965-12-26
Thursday, March 11, 1971	1971-03-11
Fri 20 May 1994	1994-05-20
21-Jul-2012	2012-07-21
October 29, 1963	1963-10-29
June 15, 1972	1972-06-15
Wed 21 Nov 2046	2046-11-21
1963/10/14	1963-10-14
17 September 2044	2044-09-17
2047/03/05	2047-03-05
1974/01/03	1974-01-03
OCTOBER 15 2046	2046-10-15
Sunday the 13th of June, 2004	2004-06-13
Wednesday, June 1, 1988	1988-06-01
January 22, 2001	2001-01-22
August 9, 1953	1953-08-09
01-May-1998	1998-05-01
1959/07/01	1959-07-01
21.7.1986	1986-07-21
Sun 6 Apr 2042	2042-04-06
JUNE 20 2035	2035-06-20
2 February 2036	2036-02-02
Tue 15 Sep 2026	2026-09-15
27.4.2009	2009-04-27
April 3, 2035	2035-04-03
1.5.1979	1979-05-01
Sat 30 May 1970	1970-05-30
1990/01/25	1990-01-25
Friday, June 23, 1961	1961-06-23
Thu 19 Dec 1985	1985-12-19
Wed 26 Oct 2033	2033-10-26
the 18th of December 2007	2007-12-18
15-May-2049	2049-05-15
20-Mar-2026	2026-03-20
2034/04/19	2034-04-19
the 30th of October 1999	1999-10-30
Monday, October 5, 2043	2043-10-05
28.9.2013	2013-09-28
MAY 24 1959	1959-05-24
23.6.1953	1953-06-23
the 12th of July 1999	1999-07-12
Fri 25 Aug 1989	1989-08-25
the 9th of December 1998	1998-12-09
7.2.1998	1998-02-07
Mon 30 May 1988	1988-05-30
2.11.1985	1985-11-02
29.11.2015	2015-11-29
the 8th of May 1951	1951-05-08
Thursday, March 6, 2014	2014-03-06
2013/12/11	2013-12-11
JUNE 14 2010	2010-06-14
the 16th of March 2037	2037-03-16
22-May-1978	1978-05-22
Wed 20 Apr 1994	1994-04-20
February 9, 2000	2000-02-09
Wednesday, December 8, 1999	1999-12-08
21 February 2045	2045-02-21
1991/01/18	1991-01-18
16.4.1972	1972-04-16
Mon 24 Nov 2025	2025-11-24
14.8.2037	2037-08-14
Friday, August 2, 1991	1991-08-02
17-Jul-2033	2033-07-17
Sunday the 15th of December, 2030	2030-12-15
January 24, 2020	2020-01-24
21.5.1996	1996-05-21
2004/09/26	2004-09-26
SEPTEMBER 10 2000	2000-09-10
DECEMBER 7 2000	2000-12-07
2000/07/02	2000-07-02
Tuesday, October 13, 1992	1992-10-13
Sun 7 May 1950	1950-05-07
22.10.1952	1952-10-22
21.10.1974	1974-10-21
3.10.2035	2035-10-03
Sunday the 2nd of June, 2019	2019-06-02
21 April 1959	1959-04-21
15 July 2049	2049-07-15
16 June 2044	2044-06-16
Monday the 15th of September, 2031	2031-09-15
February 22, 1971	1971-02-22
April 21, 1961	1961-04-21
Sun 7 Jul 2030	2030-07-07
the 21st of December 1988	1988-12-21
Monday, June 5, 2028	2028-06-05
10 August 2014	2014-08-10
the 21st of February 1978	1978-02-21
March 3, 1983	1983-03-03
Wed 23 Jun 2038	2038-06-23
Monday the 14th of August, 1978	1978-08-14
5 October 2016	2016-10-05
Monday the 21st of August, 2028	2028-08-21
July 30, 2036	2036-07-30
2016/09/22	2016-09-22
the 17th of August 1955	1955-08-17
September 1, 1959	1959-09-01
April 5, 1967	1967-04-05
the 29th of June 2007	2007-06-29
Monday, January 19, 1976	1976-01-19
September 1, 1979	1979-09-01
Saturday the 27th of July, 2047	2047-07-27
MAY 19 2030	2030-05-19
26.6.2006	2006-06-26
Thursday, March 3, 1977	1977-03-03
Fri 27 Dec 2019	2019-12-27
Monday, February 16, 2004	2004-02-16
SEPTEMBER 1 1963	1963-09-01
January 4, 1984	1984-01-04
2033/04/09	2033-04-09
the 2nd of June 1992	1992-06-02
October 24, 1981	1981-10-24
Wednesday the 26th of June, 2041	2041-06-26
Fri 8 Mar 2019	2019-03-08
Thu 27 Aug 2015	2015-08-27
Fri 6 Jul 1962	1962-07-06
JANUARY 8 1981	1981-01-08
AUGUST 1 2018	2018-08-01
the 22nd of March 2008	2008-03-22
20 June 1992	1992-06-20
30-Aug-1980	1980-08-30
1991/08/24	1991-08-24
Friday, March 2, 1990	1990-03-02
23.11.1952	1952-11-23
15.12.2027	2027-12-15
21 June 1985	1985-06-21
2035/08/28	2035-08-28
Sunday the 20th of April, 1952	1952-04-20
JANUARY 26 2049	2049-01-26
the 18th of August 1971	1971-08-18
2.7.1951	1951-07-02
JUNE 3 2029	2029-06-03
MAY 3 2015	2015-05-03
AUGUST 15 1973	1973-08-15
1960/01/23	1960-01-23
JULY 15 2009	2009-07-15
Saturday the 3rd of February, 2007	2007-02-03
9 October 2048	2048-10-09
13.4.1965	1965-04-13
27 August 2038	2038-08-27
18-Jan-2005	2005-01-18
2022/08/09	2022-08-09
15.12.1979	1979-12-15
9.3.1981	1981-03-09
02-Oct-2006	2006-10-02
Fri 28 Jan 2039	2039-01-28
Sunday, November 6, 2039	2039-11-06
1995/04/06	1995-04-06
Monday the 5th of December, 1983	1983-12-05
10 May 2049	2049-05-10
June 24, 1998	1998-06-24
Friday the 2nd of March, 1979	1979-03-02
March 22, 1984	1984-03-22
Saturday the 3rd of November, 1979	1979-11-03
November 5, 2003	2003-11-05
18 December 1977	1977-12-18
the 29th of April 1972	1972-04-29
6.6.2023	2023-06-06
04-Mar-2022	2022-03-04
1971/09/03	1971-09-03
Sunday, September 23, 1984	1984-09-23
JUNE 20 2045	2045-06-20
Friday the 7th of May, 2032	2032-05-07
the 3rd of September 1961	1961-09-03
5.5.2001	2001-05-05
14 November 1980	1980-11-14
September 7, 1984	1984-09-07
Friday, July 18, 2014	2014-07-18
Sat 24 Sep 1983	1983-09-24
JUNE 9 2025	2025-06-09
2049/12/04	2049-12-04
Tue 2 Dec 2025	2025-12-02
December 31, 2024	2024-12-31
January 31, 2021	2021-01-31
FEBRUARY 24 1990	1990-02-24
28.7.1980	1980-07-28
1981/04/16	1981-04-16
2.12.1973	1973-12-02
1990/12/03	1990-12-03
2 March 1961	1961-03-02
1966/01/02	1966-01-02
6 March 1959	1959-03-06
Monday the 1st of December, 2008	2008-12-01
1953/03/27	1953-03-27
the 11th of February 2045	2045-02-11
NOVEMBER 11 2003	2003-11-11
01-Oct-1979	1979-10-01
16 July 2022	2022-07-16
MAY 7 2034	2034-05-07
Monday the 5th of April, 1965	1965-04-05
the 11th of January 1953	1953-01-11
Wed 5 Mar 2003	2003-03-05
Tuesday the 30th of July, 2013	2013-07-30
the 8th of February 1976	1976-02-08
the 19th of September 2021	2021-09-19
Thu 7 Dec 2023	2023-12-07
15.11.2016	2016-11-15
16.10.1961	1961-10-16
Monday the 21st of August, 2023	2023-08-21
the 6th of April 1995	1995-04-06
19.5.2033	2033-05-19
1963/04/02	1963-04-02
Saturday, July 18, 1998	1998-07-18
the 14th of July 1975	1975-07-14
13-Aug-1970	1970-08-13
23 February 1955	1955-02-23
December 11, 2045	2045-12-11
Saturday the 17th of December, 2039	2039-12-17
July 27, 2036	2036-07-27
Tue 26 Jan 1988	1988-01-26
2026/03/30	2026-03-30
14-Sep-1988	1988-09-14
the 3rd of March 2037	2037-03-03
Wednesday, December 18, 1991	1991-12-18
Mon 12 May 2025	2025-05-12
Tuesday, August 21, 2007	2007-08-21
Thursday, November 3, 2016	2016-11-03
JULY 24 2027	2027-07-24
17 October 1955	1955-10-17
Wednesday, October 6, 1976	1976-10-06
Sun 20 Jan 1974	1974-01-20
4 February 2038	2038-02-04
Wednesday, December 25, 2024	2024-12-25
August 15, 1960	1960-08-15
Wednesday the 8th of June, 1988	1988-06-08
Sunday the 17th of June, 1956	1956-06-17
1975/11/20	1975-11-20
1960/09/01	1960-09-01
the 14th of November 1955	1955-11-14
09-Oct-1951	1951-10-09
2041/09/06	2041-09-06
11.1.1961	1961-01-11
the 12th of March 1975	1975-03-12
1957/07/28	1957-07-28
13-Dec-2018	2018-12-13
FEBRUARY 11 2010	2010-02-11
1973/04/25	1973-04-25
18 April 1990	1990-04-18
Monday, August 9, 1954	1954-08-09
DECEMBER 7 1960	1960-12-07
Thursday, April 29, 2010	2010-04-29
25 June 2018	2018-06-25
January 29, 1962	1962-01-29
the 28th of January 2000	2000-01-28
June 16, 1986	1986-06-16
29 September 2014	2014-09-29
6.7.1979	1979-07-06
September 28, 1952	1952-09-28
7.3.1980	1980-03-07
5 June 2014	2014-06-05
Friday the 22nd of August, 2008	2008-08-22
2006/12/09	2006-12-09
19-Jul-2017	2017-07-19
15 August 2047	2047-08-15
JUNE 15 2009	2009-06-15
14 December 2036	2036-12-14
MARCH 31 1997	1997-03-31
the 4th of May 1967	1967-05-04
2024/08/19	2024-08-19
JULY 7 2034	2034-07-07
the 13th of December 1960	1960-12-13
16.1.2039	2039-01-16
Thursday, March 27, 1958	1958-03-27
Sunday, March 10, 1968	1968-03-10
July 24, 1965	1965-07-24
Tuesday the 1st of April, 1958	1958-04-01
Thursday, December 13, 1951	1951-12-13
02-Mar-2035	2035-03-02
2023/09/12	2023-09-12
October 9, 2023	2023-10-09
03-Oct-1972	1972-10-03
Tuesday, November 4, 2003	2003-11-04
10.8.1962	1962-08-10
2019/03/25	2019-03-25
04-May-2003	2003-05-04
2033/07/14	2033-07-14
Sat 9 Jun 2046	2046-06-09
4.9.1965	1965-09-04
Saturday the 21st of July, 1990	1990-07-21
2011/05/21	2011-05-21
21 September 2017	2017-09-21
09-Nov-2041	2041-11-09
14-Feb-2030	2030-02-14
Monday the 30th of March, 2037	2037-03-30
Monday the 31st of December, 1979	1979-12-31
2049/08/26	2049-08-26
the 7th of September 2019	2019-09-07
1955/09/14	1955-09-14
12 October 1971	1971-10-12
Saturday the 31st of January, 1970	1970-01-31
22-Mar-1952	1952-03-22
January 1, 1963	1963-01-01
Thursday, May 5, 1983	1983-05-05
the 24th of June 2000	2000-06-24
Monday the 5th of January, 2004	2004-01-05
December 7, 2025	2025-12-07
02-Oct-2014	2014-10-02
the 2nd of May 2003	2003-05-02
Sun 10 May 2009	2009-05-10
JANUARY 1 1954	1954-01-01
22.4.1966	1966-04-22
AUGUST 31 1990	1990-08-31
July 3, 1962	1962-07-03
August 4, 2027	2027-08-04
Wed 14 Nov 2035	2035-11-14
1988/10/31	1988-10-31
19 July 2021	2021-07-19
Friday the 7th of September, 1979	1979-09-07
1998/12/16	1998-12-16
Tue 4 Feb 2020	2020-02-04
FEBRUARY 25 2020	2020-02-25
JANUARY 30 1999	1999-01-30
Sunday the 9th of October, 1966	1966-10-09
Tuesday the 9th of March, 1999	1999-03-09
Tue 24 Apr 1962	1962-04-24
the 7th of July 1958	1958-07-07
Saturday, October 17, 1953	1953-10-17
Fri 7 Feb 2003	2003-02-07
Fri 8 Mar 1957	1957-03-08
24.7.1982	1982-07-24
the 22nd of April 1991	1991-04-22
Friday, July 15, 2044	2044-07-15
the 29th of December 2032	2032-12-29
Monday, June 2, 1980	1980-06-02
Thu 20 Oct 2005	2005-10-20
Wednesday, March 18, 1998	1998-03-18
Tuesday, October 29, 2041	2041-10-29
Mon 14 Jul 2003	2003-07-14
Sun 15 Dec 1963	1963-12-15
Tuesday, March 24, 2037	2037-03-24
Sun 6 Mar 2005	2005-03-06
APRIL 5 1960	1960-04-05
30-Sep-1975	1975-09-30
September 13, 1951	1951-09-13
December 1, 1996	1996-12-01
2014/10/04	2014-10-04
16-Dec-1994	1994-12-16
1957/01/16	1957-01-16
the 23rd of September 2040	2040-09-23
JANUARY 16 2010	2010-01-16
Monday the 16th of May, 1960	1960-05-16
the 22nd of March 1997	1997-03-22
APRIL 8 2032	2032-04-08
2018/03/22	2018-03-22
the 27th of January 1951	1951-01-27
Monday the 10th of July, 1961	1961-07-10
Sunday the 30th of April, 1972	1972-04-30
JANUARY 2 2014	2014-01-02
1 April 2017	2017-04-01
23.3.2032	2032-03-23
OCTOBER 27 1997	1997-10-27
the 17th of December 2020	2020-12-17
May 26, 2044	2044-05-26
20-May-1963	1963-05-20
2004/09/09	2004-09-09
3 February 2036	2036-02-03
16 January 2035	2035-01-16
NOVEMBER 29 2019	2019-11-29
June 27, 1968	1968-06-27
the 25th of August 2028	2028-08-25
2024/08/30	2024-08-30
Friday, June 4, 2010	2010-06-04
the 19th of September 1983	1983-09-19
1996/08/22	1996-08-22
1950/12/26	1950-12-26
the 21st of April 1976	1976-04-21
Fri 16 Apr 2032	2032-04-16
Fri 27 Nov 2037	2037-11-27
8 November 1977	1977-11-08
21 August 1955	1955-08-21
the 23rd of April 2042	2042-04-23
the 22nd of June 1991	1991-06-22
JANUARY 30 1952	1952-01-30
1958/06/10	1958-06-10
08-Jul-2029	2029-07-08
Wednesday the 14th of July, 1982	1982-07-14
5.4.1971	1971-04-05
29 April 2040	2040-04-29
July 27, 1960	1960-07-27
18-May-2028	2028-05-18
Tue 19 Jul 2022	2022-07-19
Wed 20 Dec 2045	2045-12-20
2002/01/12	2002-01-12
10.10.2032	2032-10-10
SEPTEMBER 7 2040	2040-09-07
Fri 21 Jun 1974	1974-06-21
04-Jun-2041	2041-06-04
the 13th of December 1962	1962-12-13
7.12.1957	1957-12-07
Tue 12 May 2048	2048-05-12
Sat 9 May 2037	2037-05-09
4.1.2014	2014-01-04
the 5th of October 2012	2012-10-05
13-Aug-2017	2017-08-13
Monday the 10th of September, 1990	1990-09-10
Mon 10 Aug 1953	1953-08-10
17 June 2006	2006-06-17
October 14, 1993	1993-10-14
the 4th of February 2002	2002-02-04
03-Oct-2027	2027-10-03
Sunday, April 30, 2017	2017-04-30
Sun 6 Jul 2031	2031-07-06
Mon 14 Aug 2017	2017-08-14
DECEMBER 13 2012	2012-12-13
13-Jul-1952	1952-07-13
the 25th of May 1988	1988-05-25
11-Mar-2047	2047-03-11
JUNE 8 2049	2049-06-08
23-Aug-1977	1977-08-23
Wednesday, January 2, 2036	2036-01-02
Mon 25 Jan 1982	1982-01-25
Thursday the 10th of April, 1980	1980-04-10
Tue 7 Mar 1967	1967-03-07
06-Dec-2015	2015-12-06
08-Jun-2040	2040-06-08
25 October 2030	2030-10-25
Mon 22 Jan 1990	1990-01-22
20 October 1969	1969-10-20
AUGUST 15 2008	2008-08-15
30-Oct-1983	1983-10-30
Monday, October 9, 2023	2023-10-09
Wednesday, August 14, 1991	1991-08-14
1980/05/09	1980-05-09
the 31st of August 1965	1965-08-31
JULY 16 2007	2007-07-16
1966/09/18	1966-09-18
1973/03/05	1973-03-05
MAY 25 1953	1953-05-25
NOVEMBER 14 1985	1985-11-14
the 17th of September 2020	2020-09-17
DECEMBER 7 2004	2004-12-07
Friday, May 16, 2008	2008-05-16
5.5.1992	1992-05-05
6 February 2018	2018-02-06
Sat 9 Sep 2006	2006-09-09
1997/07/23	1997-07-23
Mon 31 Mar 2003	2003-03-31
1995/09/14	1995-09-14
2035/05/03	2035-05-03
7 January 1968	1968-01-07
7 September 1965	1965-09-07
25.4.1985	1985-04-25
26.3.1972	1972-03-26
the 2nd of December 1973	1973-12-02
8 January 1997	1997-01-08
April 1, 2027	2027-04-01
Tuesday, November 18, 1986	1986-11-18
19 July 1953	1953-07-19
Tuesday, March 2, 2032	2032-03-02
the 5th of July 2009	2009-07-05
1951/03/12	1951-03-12
Mon 24 Sep 1951	1951-09-24
Friday, October 9, 2037	2037-10-09
Mon 18 Jun 2007	2007-06-18
2042/06/24	2042-06-24
Thu 20 Feb 2031	2031-02-20
December 12, 1994	1994-12-12
JANUARY 7 2047	2047-01-07
1 October 2005	2005-10-01
2046/06/05	2046-06-05
JUNE 25 1962	1962-06-25
1956/07/21	1956-07-21
2035/04/05	2035-04-05
26 January 2038	2038-01-26
30 November 1950	1950-11-30
12-Apr-2035	2035-04-12
Thursday, November 23, 2017	2017-11-23
Sat 5 Apr 1969	1969-04-05
September 16, 1987	1987-09-16
2039/03/26	2039-03-26
01-Sep-1991	1991-09-01
11.9.2010	2010-09-11
the 14th of December 2026	2026-12-14
17.9.1965	1965-09-17
Thursday, October 26, 1961	1961-10-26
06-Dec-2046	2046-12-06
Sun 15 Aug 1982	1982-08-15
Sunday, October 9, 1955	1955-10-09
11 May 2010	2010-05-11
1 April 1993	1993-04-01
Friday the 1st of October, 2032	2032-10-01
Thursday the 22nd of September, 2022	2022-09-22
Tue 24 Aug 2032	2032-08-24
Friday, August 5, 2011	2011-08-05
21 January 2012	2012-01-21
AUGUST 20 2044	2044-08-20
1971/07/04	1971-07-04
Saturday, December 20, 2036	2036-12-20
15-Oct-1999	1999-10-15
Wednesday the 17th of November, 1982	1982-11-17
30.7.1962	1962-07-30
the 10th of February 1959	1959-02-10
the 28th of August 2023	2023-08-28
21.10.2021	2021-10-21
Wednesday the 1st of April, 1970	1970-04-01
16 May 1985	1985-05-16
Thu 18 Nov 1971	1971-11-18
14.12.1968	1968-12-14
MAY 29 2018	2018-05-29
February 3, 1974	1974-02-03
SEPTEMBER 2 1993	1993-09-02
the 31st of May 1964	1964-05-31
Tuesday the 20th of November, 1979	1979-11-20
3 December 2024	2024-12-03
30.7.1958	1958-07-30
the 27th of January 1984	1984-01-27
7.7.2005	2005-07-07
17 October 1959	1959-10-17
February 13, 1975	1975-02-13
23-May-1983	1983-05-23
Monday, February 3, 2031	2031-02-03
Tuesday, November 13, 1984	1984-11-13
January 19, 2006	2006-01-19
the 29th of April 1977	1977-04-29
6 May 1989	1989-05-06
May 19, 2048	2048-05-19
15 September 1990	1990-09-15
Friday, August 18, 1995	1995-08-18
Sun 27 Apr 2008	2008-04-27
26-Sep-2015	2015-09-26
June 6, 1969	1969-06-06
14-Sep-1964	1964-09-14
29.6.2038	2038-06-29
March 25, 1972	1972-03-25
Tuesday, June 16, 2043	2043-06-16
2031/01/13	2031-01-13
21-Nov-1976	1976-11-21
Wed 9 Feb 2039	2039-02-09
Thursday, June 23, 1983	1983-06-23
2031/11/26	2031-11-26
Sunday the 26th of February, 1978	1978-02-26
13.12.1985	1985-12-13
30-Jun-1995	1995-06-30
Tue 14 Jul 1964	1964-07-14
Mon 21 Mar 1977	1977-03-21
Fri 26 Oct 2035	2035-10-26
25.12.2023	2023-12-25
August 14, 1982	1982-08-14
October 3, 2041	2041-10-03
Tue 1 Aug 2000	2000-08-01
Friday the 13th of January, 1967	1967-01-13
17.5.2038	2038-05-17
the 18th of July 2027	2027-07-18
29 July 1956	1956-07-29
Wed 15 Aug 2040	2040-08-15
Monday, February 14, 2011	2011-02-14
Tuesday, June 29, 1954	1954-06-29
Tuesday the 21st of June, 1977	1977-06-21
APRIL 3 1951	1951-04-03
23 October 1954	1954-10-23
Monday, February 6, 1984	1984-02-06
Sat 7 Jun 1969	1969-06-07
December 22, 2044	2044-12-22
March 30, 2045	2045-03-30
2020/09/24	2020-09-24
JUNE 25 1969	1969-06-25
Sat 24 Feb 2029	2029-02-24
Friday, May 7, 2038	2038-05-07
the 5th of March 1951	1951-03-05
July 16, 1990	1990-07-16
13 November 1978	1978-11-13
the 14th of October 2025	2025-10-14
JULY 26 1960	1960-07-26
APRIL 25 1982	1982-04-25
Monday the 6th of February, 2006	2006-02-06
Wednesday the 14th of May, 2008	2008-05-14
Tue 16 Jun 2009	2009-06-16
17.6.1994	1994-06-17
6.7.1984	1984-07-06
the 7th of October 1965	1965-10-07
September 25, 2001	2001-09-25
25.7.2025	2025-07-25
May 8, 1955	1955-05-08
June 1, 1966	1966-06-01
Sunday the 12th of May, 1963	1963-05-12
Tue 8 Jul 2008	2008-07-08
DECEMBER 28 1962	1962-12-28
SEPTEMBER 13 1977	1977-09-13
Sun 5 Aug 2035	2035-08-05
26 April 2047	2047-04-26
Friday the 6th of September, 2013	2013-09-06
07-Nov-1978	1978-11-07
Mon 8 Sep 2031	2031-09-08
21 October 2024	2024-10-21
24 January 1965	1965-01-24
Thursday, March 6, 1986	1986-03-06
MARCH 31 2027	2027-03-31
Thursday, February 12, 1959	1959-02-12
21 September 2007	2007-09-21
November 27, 2022	2022-11-27
29-Jul-1989	1989-07-29
21.4.2042	2042-04-21
Monday the 22nd of November, 1999	1999-11-22
MARCH 13 1981	1981-03-13
20.10.2044	2044-10-20
2009/07/08	2009-07-08
Thu 30 Nov 1967	1967-11-30
8.11.1962	1962-11-08
21 October 1961	1961-10-21
Fri 14 May 2032	2032-05-14
Sunday, April 14, 1991	1991-04-14
13 January 1962	1962-01-13
2028/05/15	2028-05-15
Wednesday the 22nd of April, 2015	2015-04-22
Wed 16 Aug 2045	2045-08-16
January 16, 2000	2000-01-16
August 22, 1991	1991-08-22
November 4, 1954	1954-11-04
Wed 14 Oct 1970	1970-10-14
Tuesday, February 27, 2029	2029-02-27
27.2.1959	1959-02-27
Thu 15 Aug 2019	2019-08-15
Friday the 8th of October, 1954	1954-10-08
Fri 4 Nov 2033	2033-11-04
9.6.1986	1986-06-09
28-Sep-2036	2036-09-28
JUNE 6 2012	2012-06-06
2048/11/14	2048-11-14
11 June 1977	1977-06-11
Fri 21 Oct 2016	2016-10-21
FEBRUARY 9 1954	1954-02-09
the 2nd of March 2023	2023-03-02
10 June 1954	1954-06-10
Sat 12 Sep 1970	1970-09-12
1992/06/01	1992-06-01
Sunday, February 13, 1977	1977-02-13
28-Nov-2028	2028-11-28
Monday the 19th of December, 2033	2033-12-19
Sunday, November 3, 1991	1991-11-03
July 28, 1987	1987-07-28
NOVEMBER 1 1954	1954-11-01
Friday, April 10, 1953	1953-04-10
December 17, 1981	1981-12-17
the 20th of July 1994	1994-07-20
Saturday the 7th of December, 2024	2024-12-07
5.4.2034	2034-04-05
02-Sep-1979	1979-09-02
19.5.2012	2012-05-19
1974/03/14	1974-03-14
28 February 2026	2026-02-28
the 5th of September 2048	2048-09-05
April 6, 1989	1989-04-06
4 September 1958	1958-09-04
14.12.2023	2023-12-14
14.7.2031	2031-07-14
Tue 27 Nov 2029	2029-11-27
Sunday, October 19, 1975	1975-10-19
18-Aug-1996	1996-08-18
01-Jul-1980	1980-07-01
2020/01/13	2020-01-13
Friday, November 28, 2003	2003-11-28
24-Jul-1985	1985-07-24
Wednesday the 12th of August, 1987	1987-08-12
the 30th of June 1976	1976-06-30
2015/02/26	2015-02-26
19-Feb-2049	2049-02-19
May 20, 2020	2020-05-20
Fri 10 Sep 2038	2038-09-10
Tue 14 Aug 2046	2046-08-14
Saturday, April 4, 2048	2048-04-04
Wednesday the 18th of July, 1979	1979-07-18
4 September 2016	2016-09-04
MAY 25 2012	2012-05-25
FEBRUARY 5 2033	2033-02-05
the 2nd of November 1977	1977-11-02
17 February 2039	2039-02-17
13.1.1983	1983-01-13
4.10.1955	1955-10-04
Thu 5 Dec 2041	2041-12-05
2035/12/08	2035-12-08
FEBRUARY 2 2024	2024-02-02
24-Mar-1977	1977-03-24
July 17, 2029	2029-07-17
28.11.2004	2004-11-28
NOVEMBER 29 1972	1972-11-29
Friday, November 8, 2013	2013-11-08
Tue 20 Jan 1981	1981-01-20
Wednesday, March 13, 1996	1996-03-13
December 8, 1995	1995-12-08
Thursday, March 19, 2015	2015-03-19
1984/01/23	1984-01-23
the 20th of July 2035	2035-07-20
15-Sep-1996	1996-09-15
Mon 15 Mar 1999	1999-03-15
Tuesday the 18th of October, 1960	1960-10-18
Sat 8 Dec 1990	1990-12-08
Wednesday the 25th of November, 2015	2015-11-25
the 19th of January 1982	1982-01-19
29-Nov-2001	2001-11-29
January 3, 2040	2040-01-03
5 April 1994	1994-04-05
Thu 6 Jun 2019	2019-06-06
Thursday the 22nd of January, 1959	1959-01-22
19 April 2002	2002-04-19
15 November 2043	2043-11-15
Wednesday, April 7, 2032	2032-04-07
2014/04/07	2014-04-07
July 8, 2030	2030-07-08
9.6.1955	1955-06-09
Monday the 21st of December, 2009	2009-12-21
8.7.2001	2001-07-08
Mon 31 Dec 1973	1973-12-31
Sunday, October 29, 1950	1950-10-29
1963/09/02	1963-09-02
2035/12/10	2035-12-10
2016/06/05	2016-06-05
18.11.1994	1994-11-18
Friday, March 30, 2029	2029-03-30
2015/08/13	2015-08-13
Tue 18 Dec 2035	2035-12-18
Wed 11 Jan 2006	2006-01-11
Mon 29 Sep 2025	2025-09-29
Thursday the 9th of January, 1975	1975-01-09
2047/01/06	2047-01-06
Tuesday the 23rd of January, 1996	1996-01-23
NOVEMBER 29 1988	1988-11-29
the 18th of December 2019	2019-12-18
FEBRUARY 28 2043	2043-02-28
13.1.1962	1962-01-13
the 15th of July 1980	1980-07-15
April 14, 1961	1961-04-14
Wednesday the 26th of November, 2031	2031-11-26
28 June 1959	1959-06-28
the 4th of December 1972	1972-12-04
16 September 1994	1994-09-16
Friday, March 28, 2008	2008-03-28
Wed 9 Mar 2022	2022-03-09
September 11, 1962	1962-09-11
Thursday, January 14, 1960	1960-01-14
MAY 18 1994	1994-05-18
Saturday, March 7, 1987	1987-03-07
FEBRUARY 19 2046	2046-02-19
the 29th of July 2034	2034-07-29
NOVEMBER 4 1987	1987-11-04
1959/07/09	1959-07-09
Mon 7 Oct 2047	2047-10-07
October 24, 2012	2012-10-24
16 June 1982	1982-06-16
Sun 17 May 1981	1981-05-17
15 May 1985	1985-05-15
the 8th of March 2032	2032-03-08
July 4, 1976	1976-07-04
29-Aug-2022	2022-08-29
OCTOBER 31 1960	1960-10-31
FEBRUARY 4 1952	1952-02-04
Wednesday the 22nd of June, 1988	1988-06-22
2031/03/30	2031-03-30
Thursday, April 27, 2028	2028-04-27
2002/01/19	2002-01-19
4.10.1969	1969-10-04
August 23, 2038	2038-08-23
8.6.1964	1964-06-08
06-Jul-1981	1981-07-06
27.3.2016	2016-03-27
24 May 2025	2025-05-24
the 11th of February 1990	1990-02-11
18 September 2043	2043-09-18
1971/02/05	1971-02-05
Tuesday the 6th of February, 2035	2035-02-06
31-May-1954	1954-05-31
the 12th of July 1993	1993-07-12
April 26, 2009	2009-04-26
the 5th of September 2017	2017-09-05
21-Jan-2044	2044-01-21
Sunday the 5th of November, 1978	1978-11-05
Friday, January 5, 2001	2001-01-05
1992/11/18	1992-11-18
8.4.1983	1983-04-08
23.4.1997	1997-04-23
Tue 12 Aug 1997	1997-08-12
DECEMBER 7 2015	2015-12-07
the 27th of August 1989	1989-08-27
the 7th of December 2008	2008-12-07
14 May 2035	2035-05-14
August 26, 2043	2043-08-26
December 1, 1963	1963-12-01
1958/04/15	1958-04-15
Fri 1 Mar 2024	2024-03-01
28-Apr-1998	1998-04-28
19-Nov-1982	1982-11-19
1951/05/25	1951-05-25
21 July 2034	2034-07-21
MARCH 7 2034	2034-03-07
October 26, 2004	2004-10-26
10-Apr-1991	1991-04-10
Saturday the 26th of November, 1960	1960-11-26
Thu 15 Oct 1987	1987-10-15
the 24th of September 1994	1994-09-24
30 September 2042	2042-09-30
18 June 2019	2019-06-18
the 27th of November 1960	1960-11-27
Thursday the 6th of October, 1966	1966-10-06
21 May 2017	2017-05-21
08-Jul-2015	2015-07-08
June 29, 1958	1958-06-29
Thu 28 Jul 2016	2016-07-28
Sunday the 15th of March, 2026	2026-03-15
1956/07/11	1956-07-11
18.9.1961	1961-09-18
Thu 13 Jul 1978	1978-07-13
Mon 4 Mar 1996	1996-03-04
20 March 2021	2021-03-20
March 16, 2027	2027-03-16
Sun 30 Jun 2019	2019-06-30
Fri 27 Nov 2026	2026-11-27
21.3.2019	2019-03-21
Tue 26 Aug 1969	1969-08-26
Sunday, February 2, 2003	2003-02-02
Wed 8 Aug 2035	2035-08-08
2027/01/27	2027-01-27
18.8.2014	2014-08-18
1955/02/01	1955-02-01
Friday the 19th of January, 1996	1996-01-19
4.10.2037	2037-10-04
12-Sep-1971	1971-09-12
2004/11/13	2004-11-13
Saturday, June 29, 1968	1968-06-29
24-Aug-2000	2000-08-24
Sunday the 16th of September, 1973	1973-09-16
Thursday, November 8, 1951	1951-11-08
09-May-2029	2029-05-09
the 28th of June 1970	1970-06-28
04-Jan-2001	2001-01-04
20.1.2006	2006-01-20
14.12.1975	1975-12-14
26 October 2036	2036-10-26
October 8, 1961	1961-10-08
1950/11/21	1950-11-21
DECEMBER 9 2037	2037-12-09
the 10th of February 2021	2021-02-10
the 25th of April 1954	1954-04-25
the 31st of March 1962	1962-03-31
18 December 2033	2033-12-18
Fri 11 Mar 2039	2039-03-11
Saturday the 7th of April, 2001	2001-04-07
15 February 1998	1998-02-15
Fri 17 Mar 1967	1967-03-17
Friday the 4th of November, 1983	1983-11-04
11.2.2035	2035-02-11
APRIL 20 1965	1965-04-20
Thursday, October 10, 1968	1968-10-10
Fri 22 Sep 2017	2017-09-22
Sat 9 Mar 2002	2002-03-09
18-Sep-1993	1993-09-18
Wed 6 Apr 2022	2022-04-06
Fri 19 Feb 2016	2016-02-19
Monday, April 12, 2027	2027-04-12
the 22nd of September 1956	1956-09-22
Sunday the 26th of July, 2020	2020-07-26
Thursday, May 27, 1976	1976-05-27
26.4.1975	1975-04-26
5 October 1974	1974-10-05
26-Oct-1979	1979-10-26
June 21, 1988	1988-06-21
14 October 2040	2040-10-14
JANUARY 25 2044	2044-01-25
25.5.1957	1957-05-25
Sunday, January 9, 1983	1983-01-09
29.1.2049	2049-01-29
April 12, 2040	2040-04-12
Thu 13 May 2004	2004-05-13
Saturday, November 9, 2002	2002-11-09
Friday, December 11, 1964	1964-12-11
15 January 1966	1966-01-15
18.9.1986	1986-09-18
Saturday the 3rd of December, 1960	1960-12-03
the 16th of April 2006	2006-04-16
April 7, 2038	2038-04-07
Sat 9 May 2048	2048-05-09
21-Jul-1975	1975-07-21
17 January 1958	1958-01-17
November 24, 2037	2037-11-24
2 June 2018	2018-06-02
DECEMBER 3 2021	2021-12-03
Friday, October 17, 1952	1952-10-17
Saturday, June 10, 1950	1950-06-10
Mon 14 Feb 2011	2011-02-14
January 15, 1971	1971-01-15
the 11th of April 2047	2047-04-11
Saturday the 13th of June, 2037	2037-06-13
21.10.2047	2047-10-21
5 March 2049	2049-03-05
September 3, 1968	1968-09-03
02-Dec-1987	1987-12-02
1991/02/09	1991-02-09
8.9.1997	1997-09-08
Tuesday, July 29, 2003	2003-07-29
2022/12/27	2022-12-27
2049/03/27	2049-03-27
Thu 19 Sep 1991	1991-09-19
Saturday, September 7, 2002	2002-09-07
December 22, 2022	2022-12-22
16 August 2013	2013-08-16
Wednesday, October 24, 1979	1979-10-24
05-Jul-2034	2034-07-05
3.6.1998	1998-06-03
9.1.2002	2002-01-09
the 17th of November 2047	2047-11-17
30 June 1998	1998-06-30
OCTOBER 18 1959	1959-10-18
Friday the 20th of December, 2041	2041-12-20
15.8.2020	2020-08-15
Saturday the 24th of May, 2042	2042-05-24
Saturday, November 21, 1998	1998-11-21
30 April 1982	1982-04-30
7.12.1975	1975-12-07
Sunday, November 24, 2013	2013-11-24
Sunday, September 25, 1960	1960-09-25
Sun 20 Oct 1963	1963-10-20
16-Jul-2039	2039-07-16
Friday the 25th of November, 1977	1977-11-25
the 22nd of August 1975	1975-08-22
Sat 20 Aug 1983	1983-08-20
June 26, 2019	2019-06-26
Tue 27 May 2036	2036-05-27
28 June 1983	1983-06-28
29-Feb-2036	2036-02-29
20 November 2030	2030-11-20
Thursday, April 4, 1957	1957-04-04
the 22nd of March 1993	1993-03-22
May 18, 1960	1960-05-18
2 November 1991	1991-11-02
Sunday, September 27, 2020	2020-09-27
February 20, 2004	2004-02-20
10.8.1991	1991-08-10
AUGUST 7 2024	2024-08-07
the 6th of July 2040	2040-07-06
Monday the 15th of August, 1977	1977-08-15
03-Sep-1960	1960-09-03
Tue 13 Aug 1963	1963-08-13
MAY 23 1953	1953-05-23
the 22nd of March 2014	2014-03-22
1988/07/12	1988-07-12
20-Jun-2049	2049-06-20
2034/10/24	2034-10-24
1962/09/22	1962-09-22
NOVEMBER 7 1998	1998-11-07
29-Dec-1950	1950-12-29
Sunday, January 12, 1992	1992-01-12
18.10.1966	1966-10-18
the 27th of January 2044	2044-01-27
10.1.1989	1989-01-10
30.1.2011	2011-01-30
5.8.2043	2043-08-05
28 November 1950	1950-11-28
17 January 2045	2045-01-17
20 February 2023	2023-02-20
Sun 12 Mar 2017	2017-03-12
25-Jun-1969	1969-06-25
Thursday the 25th of October, 2012	2012-10-25
Thursday, February 25, 2049	2049-02-25
1.9.1975	1975-09-01
the 16th of November 2001	2001-11-16
Sat 3 Nov 2012	2012-11-03
2049/02/01	2049-02-01
Saturday the 23rd of January, 1954	1954-01-23
Friday the 17th of February, 2045	2045-02-17
the 9th of January 1970	1970-01-09
17-Nov-2009	2009-11-17
9.8.1959	1959-08-09
Monday, September 30, 2030	2030-09-30
the 22nd of July 2043	2043-07-22
Tuesday, November 26, 1991	1991-11-26
2038/10/13	2038-10-13
October 21, 2028	2028-10-21
4 November 1966	1966-11-04
03-Jun-2035	2035-06-03
the 25th of November 1996	1996-11-25
Tue 13 Feb 1973	1973-02-13
Saturday the 19th of April, 2031	2031-04-19
1955/07/25	1955-07-25
the 27th of October 2027	2027-10-27
the 30th of August 1992	1992-08-30
Wednesday the 20th of April, 1960	1960-04-20
January 23, 1991	1991-01-23
1987/04/26	1987-04-26
Wed 23 Apr 1958	1958-04-23
the 16th of May 1965	1965-05-16
22.12.2008	2008-12-22
the 15th of May 2045	2045-05-15
NOVEMBER 9 2028	2028-11-09
9 October 2010	2010-10-09
Thursday the 27th of August, 2048	2048-08-27
Sunday the 5th of September, 1982	1982-09-05
4 June 2013	2013-06-04
Tue 19 Feb 2013	2013-02-19
26 September 1989	1989-09-26
SEPTEMBER 2 2006	2006-09-02
